Rigol Technologies,Inc. Save analog waveform to excel files.,,,,,
Vpp[V]:2.00E01,Period[S]:1.67E-02,Quantify:32,Data Dots:3600,Max Dots:3600,End:3599,Wave:1
,,,,,,
X,Y[V],,,,,
1,1.00E+00,,,,,
2,1.00E+00,,,,,
3,1.00E+00,,,,,
4,1.00E+00,,,,,
5,1.00E+00,,,,,
6,1.00E+00,,,,,
7,1.00E+00,,,,,
8,1.00E+00,,,,,
9,1.00E+00,,,,,
10,1.00E+00,,,,,
11,1.00E+00,,,,,
12,1.00E+00,,,,,
13,1.00E+00,,,,,
14,1.00E+00,,,,,
15,1.00E+00,,,,,
16,1.00E+00,,,,,
17,1.00E+00,,,,,
18,1.00E+00,,,,,
19,1.00E+00,,,,,
20,1.00E+00,,,,,
21,1.00E+00,,,,,
22,1.00E+00,,,,,
23,1.00E+00,,,,,
24,1.00E+00,,,,,
25,1.00E+00,,,,,
26,1.00E+00,,,,,
27,1.00E+00,,,,,
28,1.00E+00,,,,,
29,1.00E+00,,,,,
30,1.00E+00,,,,,
31,1.00E+00,,,,,
32,1.00E+00,,,,,
33,1.00E+00,,,,,
34,1.00E+00,,,,,
35,1.00E+00,,,,,
36,1.00E+00,,,,,
37,1.00E+00,,,,,
38,1.00E+00,,,,,
39,1.00E+00,,,,,
40,1.00E+00,,,,,
41,1.00E+00,,,,,
42,1.00E+00,,,,,
43,1.00E+00,,,,,
44,1.00E+00,,,,,
45,1.00E+00,,,,,
46,1.00E+00,,,,,
47,1.00E+00,,,,,
48,1.00E+00,,,,,
49,1.00E+00,,,,,
50,1.00E+00,,,,,
51,1.00E+00,,,,,
52,1.00E+00,,,,,
53,1.00E+00,,,,,
54,1.00E+00,,,,,
55,1.00E+00,,,,,
56,1.00E+00,,,,,
57,1.00E+00,,,,,
58,1.00E+00,,,,,
59,1.00E+00,,,,,
60,1.00E+00,,,,,
61,1.00E+00,,,,,
62,1.00E+00,,,,,
63,1.00E+00,,,,,
64,1.00E+00,,,,,
65,1.00E+00,,,,,
66,1.00E+00,,,,,
67,1.00E+00,,,,,
68,1.00E+00,,,,,
69,1.00E+00,,,,,
70,1.00E+00,,,,,
71,1.00E+00,,,,,
72,1.00E+00,,,,,
73,1.00E+00,,,,,
74,1.00E+00,,,,,
75,1.00E+00,,,,,
76,1.00E+00,,,,,
77,1.00E+00,,,,,
78,1.00E+00,,,,,
79,1.00E+00,,,,,
80,1.00E+00,,,,,
81,1.00E+00,,,,,
82,1.00E+00,,,,,
83,1.00E+00,,,,,
84,1.00E+00,,,,,
85,1.00E+00,,,,,
86,1.00E+00,,,,,
87,1.00E+00,,,,,
88,1.00E+00,,,,,
89,1.00E+00,,,,,
90,1.00E+00,,,,,
91,0.00E+00,,,,,
92,0.00E+00,,,,,
93,0.00E+00,,,,,
94,0.00E+00,,,,,
95,0.00E+00,,,,,
96,0.00E+00,,,,,
97,0.00E+00,,,,,
98,0.00E+00,,,,,
99,0.00E+00,,,,,
100,0.00E+00,,,,,
101,0.00E+00,,,,,
102,0.00E+00,,,,,
103,0.00E+00,,,,,
104,0.00E+00,,,,,
105,0.00E+00,,,,,
106,0.00E+00,,,,,
107,0.00E+00,,,,,
108,0.00E+00,,,,,
109,0.00E+00,,,,,
110,0.00E+00,,,,,
111,0.00E+00,,,,,
112,0.00E+00,,,,,
113,0.00E+00,,,,,
114,0.00E+00,,,,,
115,0.00E+00,,,,,
116,0.00E+00,,,,,
117,0.00E+00,,,,,
118,0.00E+00,,,,,
119,0.00E+00,,,,,
120,0.00E+00,,,,,
121,0.00E+00,,,,,
122,0.00E+00,,,,,
123,0.00E+00,,,,,
124,0.00E+00,,,,,
125,0.00E+00,,,,,
126,0.00E+00,,,,,
127,0.00E+00,,,,,
128,0.00E+00,,,,,
129,0.00E+00,,,,,
130,0.00E+00,,,,,
131,0.00E+00,,,,,
132,0.00E+00,,,,,
133,0.00E+00,,,,,
134,0.00E+00,,,,,
135,0.00E+00,,,,,
136,0.00E+00,,,,,
137,0.00E+00,,,,,
138,0.00E+00,,,,,
139,0.00E+00,,,,,
140,0.00E+00,,,,,
141,0.00E+00,,,,,
142,0.00E+00,,,,,
143,0.00E+00,,,,,
144,0.00E+00,,,,,
145,0.00E+00,,,,,
146,0.00E+00,,,,,
147,0.00E+00,,,,,
148,0.00E+00,,,,,
149,0.00E+00,,,,,
150,0.00E+00,,,,,
151,0.00E+00,,,,,
152,0.00E+00,,,,,
153,0.00E+00,,,,,
154,0.00E+00,,,,,
155,0.00E+00,,,,,
156,0.00E+00,,,,,
157,0.00E+00,,,,,
158,0.00E+00,,,,,
159,0.00E+00,,,,,
160,0.00E+00,,,,,
161,0.00E+00,,,,,
162,0.00E+00,,,,,
163,0.00E+00,,,,,
164,0.00E+00,,,,,
165,0.00E+00,,,,,
166,0.00E+00,,,,,
167,0.00E+00,,,,,
168,0.00E+00,,,,,
169,0.00E+00,,,,,
170,0.00E+00,,,,,
171,0.00E+00,,,,,
172,0.00E+00,,,,,
173,0.00E+00,,,,,
174,0.00E+00,,,,,
175,0.00E+00,,,,,
176,0.00E+00,,,,,
177,0.00E+00,,,,,
178,0.00E+00,,,,,
179,0.00E+00,,,,,
180,0.00E+00,,,,,
181,1.00E+00,,,,,
182,1.00E+00,,,,,
183,1.00E+00,,,,,
184,1.00E+00,,,,,
185,1.00E+00,,,,,
186,1.00E+00,,,,,
187,1.00E+00,,,,,
188,1.00E+00,,,,,
189,1.00E+00,,,,,
190,1.00E+00,,,,,
191,1.00E+00,,,,,
192,1.00E+00,,,,,
193,1.00E+00,,,,,
194,1.00E+00,,,,,
195,1.00E+00,,,,,
196,1.00E+00,,,,,
197,1.00E+00,,,,,
198,1.00E+00,,,,,
199,1.00E+00,,,,,
200,1.00E+00,,,,,
201,1.00E+00,,,,,
202,1.00E+00,,,,,
203,1.00E+00,,,,,
204,1.00E+00,,,,,
205,1.00E+00,,,,,
206,1.00E+00,,,,,
207,1.00E+00,,,,,
208,1.00E+00,,,,,
209,1.00E+00,,,,,
210,1.00E+00,,,,,
211,1.00E+00,,,,,
212,1.00E+00,,,,,
213,1.00E+00,,,,,
214,1.00E+00,,,,,
215,1.00E+00,,,,,
216,1.00E+00,,,,,
217,1.00E+00,,,,,
218,1.00E+00,,,,,
219,1.00E+00,,,,,
220,1.00E+00,,,,,
221,1.00E+00,,,,,
222,1.00E+00,,,,,
223,1.00E+00,,,,,
224,1.00E+00,,,,,
225,1.00E+00,,,,,
226,1.00E+00,,,,,
227,1.00E+00,,,,,
228,1.00E+00,,,,,
229,1.00E+00,,,,,
230,1.00E+00,,,,,
231,1.00E+00,,,,,
232,1.00E+00,,,,,
233,1.00E+00,,,,,
234,1.00E+00,,,,,
235,1.00E+00,,,,,
236,1.00E+00,,,,,
237,1.00E+00,,,,,
238,1.00E+00,,,,,
239,1.00E+00,,,,,
240,1.00E+00,,,,,
241,1.00E+00,,,,,
242,1.00E+00,,,,,
243,1.00E+00,,,,,
244,1.00E+00,,,,,
245,1.00E+00,,,,,
246,1.00E+00,,,,,
247,1.00E+00,,,,,
248,1.00E+00,,,,,
249,1.00E+00,,,,,
250,1.00E+00,,,,,
251,1.00E+00,,,,,
252,1.00E+00,,,,,
253,1.00E+00,,,,,
254,1.00E+00,,,,,
255,1.00E+00,,,,,
256,1.00E+00,,,,,
257,1.00E+00,,,,,
258,1.00E+00,,,,,
259,1.00E+00,,,,,
260,1.00E+00,,,,,
261,1.00E+00,,,,,
262,1.00E+00,,,,,
263,1.00E+00,,,,,
264,1.00E+00,,,,,
265,1.00E+00,,,,,
266,1.00E+00,,,,,
267,1.00E+00,,,,,
268,1.00E+00,,,,,
269,1.00E+00,,,,,
270,1.00E+00,,,,,
271,0.00E+00,,,,,
272,0.00E+00,,,,,
273,0.00E+00,,,,,
274,0.00E+00,,,,,
275,0.00E+00,,,,,
276,0.00E+00,,,,,
277,0.00E+00,,,,,
278,0.00E+00,,,,,
279,0.00E+00,,,,,
280,0.00E+00,,,,,
281,0.00E+00,,,,,
282,0.00E+00,,,,,
283,0.00E+00,,,,,
284,0.00E+00,,,,,
285,0.00E+00,,,,,
286,0.00E+00,,,,,
287,0.00E+00,,,,,
288,0.00E+00,,,,,
289,0.00E+00,,,,,
290,0.00E+00,,,,,
291,0.00E+00,,,,,
292,0.00E+00,,,,,
293,0.00E+00,,,,,
294,0.00E+00,,,,,
295,0.00E+00,,,,,
296,0.00E+00,,,,,
297,0.00E+00,,,,,
298,0.00E+00,,,,,
299,0.00E+00,,,,,
300,0.00E+00,,,,,
301,0.00E+00,,,,,
302,0.00E+00,,,,,
303,0.00E+00,,,,,
304,0.00E+00,,,,,
305,0.00E+00,,,,,
306,0.00E+00,,,,,
307,0.00E+00,,,,,
308,0.00E+00,,,,,
309,0.00E+00,,,,,
310,0.00E+00,,,,,
311,0.00E+00,,,,,
312,0.00E+00,,,,,
313,0.00E+00,,,,,
314,0.00E+00,,,,,
315,0.00E+00,,,,,
316,0.00E+00,,,,,
317,0.00E+00,,,,,
318,0.00E+00,,,,,
319,0.00E+00,,,,,
320,0.00E+00,,,,,
321,0.00E+00,,,,,
322,0.00E+00,,,,,
323,0.00E+00,,,,,
324,0.00E+00,,,,,
325,0.00E+00,,,,,
326,0.00E+00,,,,,
327,0.00E+00,,,,,
328,0.00E+00,,,,,
329,0.00E+00,,,,,
330,0.00E+00,,,,,
331,0.00E+00,,,,,
332,0.00E+00,,,,,
333,0.00E+00,,,,,
334,0.00E+00,,,,,
335,0.00E+00,,,,,
336,0.00E+00,,,,,
337,0.00E+00,,,,,
338,0.00E+00,,,,,
339,0.00E+00,,,,,
340,0.00E+00,,,,,
341,0.00E+00,,,,,
342,0.00E+00,,,,,
343,0.00E+00,,,,,
344,0.00E+00,,,,,
345,0.00E+00,,,,,
346,0.00E+00,,,,,
347,0.00E+00,,,,,
348,0.00E+00,,,,,
349,0.00E+00,,,,,
350,0.00E+00,,,,,
351,0.00E+00,,,,,
352,0.00E+00,,,,,
353,0.00E+00,,,,,
354,0.00E+00,,,,,
355,0.00E+00,,,,,
356,0.00E+00,,,,,
357,0.00E+00,,,,,
358,0.00E+00,,,,,
359,0.00E+00,,,,,
360,0.00E+00,,,,,
361,1.00E+00,,,,,
362,1.00E+00,,,,,
363,1.00E+00,,,,,
364,1.00E+00,,,,,
365,1.00E+00,,,,,
366,1.00E+00,,,,,
367,1.00E+00,,,,,
368,1.00E+00,,,,,
369,1.00E+00,,,,,
370,1.00E+00,,,,,
371,1.00E+00,,,,,
372,1.00E+00,,,,,
373,1.00E+00,,,,,
374,1.00E+00,,,,,
375,1.00E+00,,,,,
376,1.00E+00,,,,,
377,1.00E+00,,,,,
378,1.00E+00,,,,,
379,1.00E+00,,,,,
380,1.00E+00,,,,,
381,1.00E+00,,,,,
382,1.00E+00,,,,,
383,1.00E+00,,,,,
384,1.00E+00,,,,,
385,1.00E+00,,,,,
386,1.00E+00,,,,,
387,1.00E+00,,,,,
388,1.00E+00,,,,,
389,1.00E+00,,,,,
390,1.00E+00,,,,,
391,1.00E+00,,,,,
392,1.00E+00,,,,,
393,1.00E+00,,,,,
394,1.00E+00,,,,,
395,1.00E+00,,,,,
396,1.00E+00,,,,,
397,1.00E+00,,,,,
398,1.00E+00,,,,,
399,1.00E+00,,,,,
400,1.00E+00,,,,,
401,1.00E+00,,,,,
402,1.00E+00,,,,,
403,1.00E+00,,,,,
404,1.00E+00,,,,,
405,1.00E+00,,,,,
406,1.00E+00,,,,,
407,1.00E+00,,,,,
408,1.00E+00,,,,,
409,1.00E+00,,,,,
410,1.00E+00,,,,,
411,1.00E+00,,,,,
412,1.00E+00,,,,,
413,1.00E+00,,,,,
414,1.00E+00,,,,,
415,1.00E+00,,,,,
416,1.00E+00,,,,,
417,1.00E+00,,,,,
418,1.00E+00,,,,,
419,1.00E+00,,,,,
420,1.00E+00,,,,,
421,1.00E+00,,,,,
422,1.00E+00,,,,,
423,1.00E+00,,,,,
424,1.00E+00,,,,,
425,1.00E+00,,,,,
426,1.00E+00,,,,,
427,1.00E+00,,,,,
428,1.00E+00,,,,,
429,1.00E+00,,,,,
430,1.00E+00,,,,,
431,1.00E+00,,,,,
432,1.00E+00,,,,,
433,1.00E+00,,,,,
434,1.00E+00,,,,,
435,1.00E+00,,,,,
436,1.00E+00,,,,,
437,1.00E+00,,,,,
438,1.00E+00,,,,,
439,1.00E+00,,,,,
440,1.00E+00,,,,,
441,1.00E+00,,,,,
442,1.00E+00,,,,,
443,1.00E+00,,,,,
444,1.00E+00,,,,,
445,1.00E+00,,,,,
446,1.00E+00,,,,,
447,1.00E+00,,,,,
448,1.00E+00,,,,,
449,1.00E+00,,,,,
450,1.00E+00,,,,,
451,0.00E+00,,,,,
452,0.00E+00,,,,,
453,0.00E+00,,,,,
454,0.00E+00,,,,,
455,0.00E+00,,,,,
456,0.00E+00,,,,,
457,0.00E+00,,,,,
458,0.00E+00,,,,,
459,0.00E+00,,,,,
460,0.00E+00,,,,,
461,0.00E+00,,,,,
462,0.00E+00,,,,,
463,0.00E+00,,,,,
464,0.00E+00,,,,,
465,0.00E+00,,,,,
466,0.00E+00,,,,,
467,0.00E+00,,,,,
468,0.00E+00,,,,,
469,0.00E+00,,,,,
470,0.00E+00,,,,,
471,0.00E+00,,,,,
472,0.00E+00,,,,,
473,0.00E+00,,,,,
474,0.00E+00,,,,,
475,0.00E+00,,,,,
476,0.00E+00,,,,,
477,0.00E+00,,,,,
478,0.00E+00,,,,,
479,0.00E+00,,,,,
480,0.00E+00,,,,,
481,0.00E+00,,,,,
482,0.00E+00,,,,,
483,0.00E+00,,,,,
484,0.00E+00,,,,,
485,0.00E+00,,,,,
486,0.00E+00,,,,,
487,0.00E+00,,,,,
488,0.00E+00,,,,,
489,0.00E+00,,,,,
490,0.00E+00,,,,,
491,0.00E+00,,,,,
492,0.00E+00,,,,,
493,0.00E+00,,,,,
494,0.00E+00,,,,,
495,0.00E+00,,,,,
496,0.00E+00,,,,,
497,0.00E+00,,,,,
498,0.00E+00,,,,,
499,0.00E+00,,,,,
500,0.00E+00,,,,,
501,0.00E+00,,,,,
502,0.00E+00,,,,,
503,0.00E+00,,,,,
504,0.00E+00,,,,,
505,0.00E+00,,,,,
506,0.00E+00,,,,,
507,0.00E+00,,,,,
508,0.00E+00,,,,,
509,0.00E+00,,,,,
510,0.00E+00,,,,,
511,0.00E+00,,,,,
512,0.00E+00,,,,,
513,0.00E+00,,,,,
514,0.00E+00,,,,,
515,0.00E+00,,,,,
516,0.00E+00,,,,,
517,0.00E+00,,,,,
518,0.00E+00,,,,,
519,0.00E+00,,,,,
520,0.00E+00,,,,,
521,0.00E+00,,,,,
522,0.00E+00,,,,,
523,0.00E+00,,,,,
524,0.00E+00,,,,,
525,0.00E+00,,,,,
526,0.00E+00,,,,,
527,0.00E+00,,,,,
528,0.00E+00,,,,,
529,0.00E+00,,,,,
530,0.00E+00,,,,,
531,0.00E+00,,,,,
532,0.00E+00,,,,,
533,0.00E+00,,,,,
534,0.00E+00,,,,,
535,0.00E+00,,,,,
536,0.00E+00,,,,,
537,0.00E+00,,,,,
538,0.00E+00,,,,,
539,0.00E+00,,,,,
540,0.00E+00,,,,,
541,1.00E+00,,,,,
542,1.00E+00,,,,,
543,1.00E+00,,,,,
544,1.00E+00,,,,,
545,1.00E+00,,,,,
546,1.00E+00,,,,,
547,1.00E+00,,,,,
548,1.00E+00,,,,,
549,1.00E+00,,,,,
550,1.00E+00,,,,,
551,1.00E+00,,,,,
552,1.00E+00,,,,,
553,1.00E+00,,,,,
554,1.00E+00,,,,,
555,1.00E+00,,,,,
556,1.00E+00,,,,,
557,1.00E+00,,,,,
558,1.00E+00,,,,,
559,1.00E+00,,,,,
560,1.00E+00,,,,,
561,1.00E+00,,,,,
562,1.00E+00,,,,,
563,1.00E+00,,,,,
564,1.00E+00,,,,,
565,1.00E+00,,,,,
566,1.00E+00,,,,,
567,1.00E+00,,,,,
568,1.00E+00,,,,,
569,1.00E+00,,,,,
570,1.00E+00,,,,,
571,1.00E+00,,,,,
572,1.00E+00,,,,,
573,1.00E+00,,,,,
574,1.00E+00,,,,,
575,1.00E+00,,,,,
576,1.00E+00,,,,,
577,1.00E+00,,,,,
578,1.00E+00,,,,,
579,1.00E+00,,,,,
580,1.00E+00,,,,,
581,1.00E+00,,,,,
582,1.00E+00,,,,,
583,1.00E+00,,,,,
584,1.00E+00,,,,,
585,1.00E+00,,,,,
586,1.00E+00,,,,,
587,1.00E+00,,,,,
588,1.00E+00,,,,,
589,1.00E+00,,,,,
590,1.00E+00,,,,,
591,1.00E+00,,,,,
592,1.00E+00,,,,,
593,1.00E+00,,,,,
594,1.00E+00,,,,,
595,1.00E+00,,,,,
596,1.00E+00,,,,,
597,1.00E+00,,,,,
598,1.00E+00,,,,,
599,1.00E+00,,,,,
600,1.00E+00,,,,,
601,1.00E+00,,,,,
602,1.00E+00,,,,,
603,1.00E+00,,,,,
604,1.00E+00,,,,,
605,1.00E+00,,,,,
606,1.00E+00,,,,,
607,1.00E+00,,,,,
608,1.00E+00,,,,,
609,1.00E+00,,,,,
610,1.00E+00,,,,,
611,1.00E+00,,,,,
612,1.00E+00,,,,,
613,1.00E+00,,,,,
614,1.00E+00,,,,,
615,1.00E+00,,,,,
616,1.00E+00,,,,,
617,1.00E+00,,,,,
618,1.00E+00,,,,,
619,1.00E+00,,,,,
620,1.00E+00,,,,,
621,1.00E+00,,,,,
622,1.00E+00,,,,,
623,1.00E+00,,,,,
624,1.00E+00,,,,,
625,1.00E+00,,,,,
626,1.00E+00,,,,,
627,1.00E+00,,,,,
628,1.00E+00,,,,,
629,1.00E+00,,,,,
630,1.00E+00,,,,,
631,0.00E+00,,,,,
632,0.00E+00,,,,,
633,0.00E+00,,,,,
634,0.00E+00,,,,,
635,0.00E+00,,,,,
636,0.00E+00,,,,,
637,0.00E+00,,,,,
638,0.00E+00,,,,,
639,0.00E+00,,,,,
640,0.00E+00,,,,,
641,0.00E+00,,,,,
642,0.00E+00,,,,,
643,0.00E+00,,,,,
644,0.00E+00,,,,,
645,0.00E+00,,,,,
646,0.00E+00,,,,,
647,0.00E+00,,,,,
648,0.00E+00,,,,,
649,0.00E+00,,,,,
650,0.00E+00,,,,,
651,0.00E+00,,,,,
652,0.00E+00,,,,,
653,0.00E+00,,,,,
654,0.00E+00,,,,,
655,0.00E+00,,,,,
656,0.00E+00,,,,,
657,0.00E+00,,,,,
658,0.00E+00,,,,,
659,0.00E+00,,,,,
660,0.00E+00,,,,,
661,0.00E+00,,,,,
662,0.00E+00,,,,,
663,0.00E+00,,,,,
664,0.00E+00,,,,,
665,0.00E+00,,,,,
666,0.00E+00,,,,,
667,0.00E+00,,,,,
668,0.00E+00,,,,,
669,0.00E+00,,,,,
670,0.00E+00,,,,,
671,0.00E+00,,,,,
672,0.00E+00,,,,,
673,0.00E+00,,,,,
674,0.00E+00,,,,,
675,0.00E+00,,,,,
676,0.00E+00,,,,,
677,0.00E+00,,,,,
678,0.00E+00,,,,,
679,0.00E+00,,,,,
680,0.00E+00,,,,,
681,0.00E+00,,,,,
682,0.00E+00,,,,,
683,0.00E+00,,,,,
684,0.00E+00,,,,,
685,0.00E+00,,,,,
686,0.00E+00,,,,,
687,0.00E+00,,,,,
688,0.00E+00,,,,,
689,0.00E+00,,,,,
690,0.00E+00,,,,,
691,0.00E+00,,,,,
692,0.00E+00,,,,,
693,0.00E+00,,,,,
694,0.00E+00,,,,,
695,0.00E+00,,,,,
696,0.00E+00,,,,,
697,0.00E+00,,,,,
698,0.00E+00,,,,,
699,0.00E+00,,,,,
700,0.00E+00,,,,,
701,0.00E+00,,,,,
702,0.00E+00,,,,,
703,0.00E+00,,,,,
704,0.00E+00,,,,,
705,0.00E+00,,,,,
706,0.00E+00,,,,,
707,0.00E+00,,,,,
708,0.00E+00,,,,,
709,0.00E+00,,,,,
710,0.00E+00,,,,,
711,0.00E+00,,,,,
712,0.00E+00,,,,,
713,0.00E+00,,,,,
714,0.00E+00,,,,,
715,0.00E+00,,,,,
716,0.00E+00,,,,,
717,0.00E+00,,,,,
718,0.00E+00,,,,,
719,0.00E+00,,,,,
720,0.00E+00,,,,,
721,1.00E+00,,,,,
722,1.00E+00,,,,,
723,1.00E+00,,,,,
724,1.00E+00,,,,,
725,1.00E+00,,,,,
726,1.00E+00,,,,,
727,1.00E+00,,,,,
728,1.00E+00,,,,,
729,1.00E+00,,,,,
730,1.00E+00,,,,,
731,1.00E+00,,,,,
732,1.00E+00,,,,,
733,1.00E+00,,,,,
734,1.00E+00,,,,,
735,1.00E+00,,,,,
736,1.00E+00,,,,,
737,1.00E+00,,,,,
738,1.00E+00,,,,,
739,1.00E+00,,,,,
740,1.00E+00,,,,,
741,1.00E+00,,,,,
742,1.00E+00,,,,,
743,1.00E+00,,,,,
744,1.00E+00,,,,,
745,1.00E+00,,,,,
746,1.00E+00,,,,,
747,1.00E+00,,,,,
748,1.00E+00,,,,,
749,1.00E+00,,,,,
750,1.00E+00,,,,,
751,1.00E+00,,,,,
752,1.00E+00,,,,,
753,1.00E+00,,,,,
754,1.00E+00,,,,,
755,1.00E+00,,,,,
756,1.00E+00,,,,,
757,1.00E+00,,,,,
758,1.00E+00,,,,,
759,1.00E+00,,,,,
760,1.00E+00,,,,,
761,1.00E+00,,,,,
762,1.00E+00,,,,,
763,1.00E+00,,,,,
764,1.00E+00,,,,,
765,1.00E+00,,,,,
766,1.00E+00,,,,,
767,1.00E+00,,,,,
768,1.00E+00,,,,,
769,1.00E+00,,,,,
770,1.00E+00,,,,,
771,1.00E+00,,,,,
772,1.00E+00,,,,,
773,1.00E+00,,,,,
774,1.00E+00,,,,,
775,1.00E+00,,,,,
776,1.00E+00,,,,,
777,1.00E+00,,,,,
778,1.00E+00,,,,,
779,1.00E+00,,,,,
780,1.00E+00,,,,,
781,1.00E+00,,,,,
782,1.00E+00,,,,,
783,1.00E+00,,,,,
784,1.00E+00,,,,,
785,1.00E+00,,,,,
786,1.00E+00,,,,,
787,1.00E+00,,,,,
788,1.00E+00,,,,,
789,1.00E+00,,,,,
790,1.00E+00,,,,,
791,1.00E+00,,,,,
792,1.00E+00,,,,,
793,1.00E+00,,,,,
794,1.00E+00,,,,,
795,1.00E+00,,,,,
796,1.00E+00,,,,,
797,1.00E+00,,,,,
798,1.00E+00,,,,,
799,1.00E+00,,,,,
800,1.00E+00,,,,,
801,1.00E+00,,,,,
802,1.00E+00,,,,,
803,1.00E+00,,,,,
804,1.00E+00,,,,,
805,1.00E+00,,,,,
806,1.00E+00,,,,,
807,1.00E+00,,,,,
808,1.00E+00,,,,,
809,1.00E+00,,,,,
810,1.00E+00,,,,,
811,0.00E+00,,,,,
812,0.00E+00,,,,,
813,0.00E+00,,,,,
814,0.00E+00,,,,,
815,0.00E+00,,,,,
816,0.00E+00,,,,,
817,0.00E+00,,,,,
818,0.00E+00,,,,,
819,0.00E+00,,,,,
820,0.00E+00,,,,,
821,0.00E+00,,,,,
822,0.00E+00,,,,,
823,0.00E+00,,,,,
824,0.00E+00,,,,,
825,0.00E+00,,,,,
826,0.00E+00,,,,,
827,0.00E+00,,,,,
828,0.00E+00,,,,,
829,0.00E+00,,,,,
830,0.00E+00,,,,,
831,0.00E+00,,,,,
832,0.00E+00,,,,,
833,0.00E+00,,,,,
834,0.00E+00,,,,,
835,0.00E+00,,,,,
836,0.00E+00,,,,,
837,0.00E+00,,,,,
838,0.00E+00,,,,,
839,0.00E+00,,,,,
840,0.00E+00,,,,,
841,0.00E+00,,,,,
842,0.00E+00,,,,,
843,0.00E+00,,,,,
844,0.00E+00,,,,,
845,0.00E+00,,,,,
846,0.00E+00,,,,,
847,0.00E+00,,,,,
848,0.00E+00,,,,,
849,0.00E+00,,,,,
850,0.00E+00,,,,,
851,0.00E+00,,,,,
852,0.00E+00,,,,,
853,0.00E+00,,,,,
854,0.00E+00,,,,,
855,0.00E+00,,,,,
856,0.00E+00,,,,,
857,0.00E+00,,,,,
858,0.00E+00,,,,,
859,0.00E+00,,,,,
860,0.00E+00,,,,,
861,0.00E+00,,,,,
862,0.00E+00,,,,,
863,0.00E+00,,,,,
864,0.00E+00,,,,,
865,0.00E+00,,,,,
866,0.00E+00,,,,,
867,0.00E+00,,,,,
868,0.00E+00,,,,,
869,0.00E+00,,,,,
870,0.00E+00,,,,,
871,0.00E+00,,,,,
872,0.00E+00,,,,,
873,0.00E+00,,,,,
874,0.00E+00,,,,,
875,0.00E+00,,,,,
876,0.00E+00,,,,,
877,0.00E+00,,,,,
878,0.00E+00,,,,,
879,0.00E+00,,,,,
880,0.00E+00,,,,,
881,0.00E+00,,,,,
882,0.00E+00,,,,,
883,0.00E+00,,,,,
884,0.00E+00,,,,,
885,0.00E+00,,,,,
886,0.00E+00,,,,,
887,0.00E+00,,,,,
888,0.00E+00,,,,,
889,0.00E+00,,,,,
890,0.00E+00,,,,,
891,0.00E+00,,,,,
892,0.00E+00,,,,,
893,0.00E+00,,,,,
894,0.00E+00,,,,,
895,0.00E+00,,,,,
896,0.00E+00,,,,,
897,0.00E+00,,,,,
898,0.00E+00,,,,,
899,0.00E+00,,,,,
900,0.00E+00,,,,,
901,1.00E+00,,,,,
902,1.00E+00,,,,,
903,1.00E+00,,,,,
904,1.00E+00,,,,,
905,1.00E+00,,,,,
906,1.00E+00,,,,,
907,1.00E+00,,,,,
908,1.00E+00,,,,,
909,1.00E+00,,,,,
910,1.00E+00,,,,,
911,1.00E+00,,,,,
912,1.00E+00,,,,,
913,1.00E+00,,,,,
914,1.00E+00,,,,,
915,1.00E+00,,,,,
916,1.00E+00,,,,,
917,1.00E+00,,,,,
918,1.00E+00,,,,,
919,1.00E+00,,,,,
920,1.00E+00,,,,,
921,1.00E+00,,,,,
922,1.00E+00,,,,,
923,1.00E+00,,,,,
924,1.00E+00,,,,,
925,1.00E+00,,,,,
926,1.00E+00,,,,,
927,1.00E+00,,,,,
928,1.00E+00,,,,,
929,1.00E+00,,,,,
930,1.00E+00,,,,,
931,1.00E+00,,,,,
932,1.00E+00,,,,,
933,1.00E+00,,,,,
934,1.00E+00,,,,,
935,1.00E+00,,,,,
936,1.00E+00,,,,,
937,1.00E+00,,,,,
938,1.00E+00,,,,,
939,1.00E+00,,,,,
940,1.00E+00,,,,,
941,1.00E+00,,,,,
942,1.00E+00,,,,,
943,1.00E+00,,,,,
944,1.00E+00,,,,,
945,1.00E+00,,,,,
946,1.00E+00,,,,,
947,1.00E+00,,,,,
948,1.00E+00,,,,,
949,1.00E+00,,,,,
950,1.00E+00,,,,,
951,1.00E+00,,,,,
952,1.00E+00,,,,,
953,1.00E+00,,,,,
954,1.00E+00,,,,,
955,1.00E+00,,,,,
956,1.00E+00,,,,,
957,1.00E+00,,,,,
958,1.00E+00,,,,,
959,1.00E+00,,,,,
960,1.00E+00,,,,,
961,1.00E+00,,,,,
962,1.00E+00,,,,,
963,1.00E+00,,,,,
964,1.00E+00,,,,,
965,1.00E+00,,,,,
966,1.00E+00,,,,,
967,1.00E+00,,,,,
968,1.00E+00,,,,,
969,1.00E+00,,,,,
970,1.00E+00,,,,,
971,1.00E+00,,,,,
972,1.00E+00,,,,,
973,1.00E+00,,,,,
974,1.00E+00,,,,,
975,1.00E+00,,,,,
976,1.00E+00,,,,,
977,1.00E+00,,,,,
978,1.00E+00,,,,,
979,1.00E+00,,,,,
980,1.00E+00,,,,,
981,1.00E+00,,,,,
982,1.00E+00,,,,,
983,1.00E+00,,,,,
984,1.00E+00,,,,,
985,1.00E+00,,,,,
986,1.00E+00,,,,,
987,1.00E+00,,,,,
988,1.00E+00,,,,,
989,1.00E+00,,,,,
990,1.00E+00,,,,,
991,0.00E+00,,,,,
992,0.00E+00,,,,,
993,0.00E+00,,,,,
994,0.00E+00,,,,,
995,0.00E+00,,,,,
996,0.00E+00,,,,,
997,0.00E+00,,,,,
998,0.00E+00,,,,,
999,0.00E+00,,,,,
1000,0.00E+00,,,,,
1001,0.00E+00,,,,,
1002,0.00E+00,,,,,
1003,0.00E+00,,,,,
1004,0.00E+00,,,,,
1005,0.00E+00,,,,,
1006,0.00E+00,,,,,
1007,0.00E+00,,,,,
1008,0.00E+00,,,,,
1009,0.00E+00,,,,,
1010,0.00E+00,,,,,
1011,0.00E+00,,,,,
1012,0.00E+00,,,,,
1013,0.00E+00,,,,,
1014,0.00E+00,,,,,
1015,0.00E+00,,,,,
1016,0.00E+00,,,,,
1017,0.00E+00,,,,,
1018,0.00E+00,,,,,
1019,0.00E+00,,,,,
1020,0.00E+00,,,,,
1021,0.00E+00,,,,,
1022,0.00E+00,,,,,
1023,0.00E+00,,,,,
1024,0.00E+00,,,,,
1025,0.00E+00,,,,,
1026,0.00E+00,,,,,
1027,0.00E+00,,,,,
1028,0.00E+00,,,,,
1029,0.00E+00,,,,,
1030,0.00E+00,,,,,
1031,0.00E+00,,,,,
1032,0.00E+00,,,,,
1033,0.00E+00,,,,,
1034,0.00E+00,,,,,
1035,0.00E+00,,,,,
1036,0.00E+00,,,,,
1037,0.00E+00,,,,,
1038,0.00E+00,,,,,
1039,0.00E+00,,,,,
1040,0.00E+00,,,,,
1041,0.00E+00,,,,,
1042,0.00E+00,,,,,
1043,0.00E+00,,,,,
1044,0.00E+00,,,,,
1045,0.00E+00,,,,,
1046,0.00E+00,,,,,
1047,0.00E+00,,,,,
1048,0.00E+00,,,,,
1049,0.00E+00,,,,,
1050,0.00E+00,,,,,
1051,0.00E+00,,,,,
1052,0.00E+00,,,,,
1053,0.00E+00,,,,,
1054,0.00E+00,,,,,
1055,0.00E+00,,,,,
1056,0.00E+00,,,,,
1057,0.00E+00,,,,,
1058,0.00E+00,,,,,
1059,0.00E+00,,,,,
1060,0.00E+00,,,,,
1061,0.00E+00,,,,,
1062,0.00E+00,,,,,
1063,0.00E+00,,,,,
1064,0.00E+00,,,,,
1065,0.00E+00,,,,,
1066,0.00E+00,,,,,
1067,0.00E+00,,,,,
1068,0.00E+00,,,,,
1069,0.00E+00,,,,,
1070,0.00E+00,,,,,
1071,0.00E+00,,,,,
1072,0.00E+00,,,,,
1073,0.00E+00,,,,,
1074,0.00E+00,,,,,
1075,0.00E+00,,,,,
1076,0.00E+00,,,,,
1077,0.00E+00,,,,,
1078,0.00E+00,,,,,
1079,0.00E+00,,,,,
1080,0.00E+00,,,,,
1081,1.00E+00,,,,,
1082,1.00E+00,,,,,
1083,1.00E+00,,,,,
1084,1.00E+00,,,,,
1085,1.00E+00,,,,,
1086,1.00E+00,,,,,
1087,1.00E+00,,,,,
1088,1.00E+00,,,,,
1089,1.00E+00,,,,,
1090,1.00E+00,,,,,
1091,1.00E+00,,,,,
1092,1.00E+00,,,,,
1093,1.00E+00,,,,,
1094,1.00E+00,,,,,
1095,1.00E+00,,,,,
1096,1.00E+00,,,,,
1097,1.00E+00,,,,,
1098,1.00E+00,,,,,
1099,1.00E+00,,,,,
1100,1.00E+00,,,,,
1101,1.00E+00,,,,,
1102,1.00E+00,,,,,
1103,1.00E+00,,,,,
1104,1.00E+00,,,,,
1105,1.00E+00,,,,,
1106,1.00E+00,,,,,
1107,1.00E+00,,,,,
1108,1.00E+00,,,,,
1109,1.00E+00,,,,,
1110,1.00E+00,,,,,
1111,1.00E+00,,,,,
1112,1.00E+00,,,,,
1113,1.00E+00,,,,,
1114,1.00E+00,,,,,
1115,1.00E+00,,,,,
1116,1.00E+00,,,,,
1117,1.00E+00,,,,,
1118,1.00E+00,,,,,
1119,1.00E+00,,,,,
1120,1.00E+00,,,,,
1121,1.00E+00,,,,,
1122,1.00E+00,,,,,
1123,1.00E+00,,,,,
1124,1.00E+00,,,,,
1125,1.00E+00,,,,,
1126,1.00E+00,,,,,
1127,1.00E+00,,,,,
1128,1.00E+00,,,,,
1129,1.00E+00,,,,,
1130,1.00E+00,,,,,
1131,1.00E+00,,,,,
1132,1.00E+00,,,,,
1133,1.00E+00,,,,,
1134,1.00E+00,,,,,
1135,1.00E+00,,,,,
1136,1.00E+00,,,,,
1137,1.00E+00,,,,,
1138,1.00E+00,,,,,
1139,1.00E+00,,,,,
1140,1.00E+00,,,,,
1141,1.00E+00,,,,,
1142,1.00E+00,,,,,
1143,1.00E+00,,,,,
1144,1.00E+00,,,,,
1145,1.00E+00,,,,,
1146,1.00E+00,,,,,
1147,1.00E+00,,,,,
1148,1.00E+00,,,,,
1149,1.00E+00,,,,,
1150,1.00E+00,,,,,
1151,1.00E+00,,,,,
1152,1.00E+00,,,,,
1153,1.00E+00,,,,,
1154,1.00E+00,,,,,
1155,1.00E+00,,,,,
1156,1.00E+00,,,,,
1157,1.00E+00,,,,,
1158,1.00E+00,,,,,
1159,1.00E+00,,,,,
1160,1.00E+00,,,,,
1161,1.00E+00,,,,,
1162,1.00E+00,,,,,
1163,1.00E+00,,,,,
1164,1.00E+00,,,,,
1165,1.00E+00,,,,,
1166,1.00E+00,,,,,
1167,1.00E+00,,,,,
1168,1.00E+00,,,,,
1169,1.00E+00,,,,,
1170,1.00E+00,,,,,
1171,0.00E+00,,,,,
1172,0.00E+00,,,,,
1173,0.00E+00,,,,,
1174,0.00E+00,,,,,
1175,0.00E+00,,,,,
1176,0.00E+00,,,,,
1177,0.00E+00,,,,,
1178,0.00E+00,,,,,
1179,0.00E+00,,,,,
1180,0.00E+00,,,,,
1181,0.00E+00,,,,,
1182,0.00E+00,,,,,
1183,0.00E+00,,,,,
1184,0.00E+00,,,,,
1185,0.00E+00,,,,,
1186,0.00E+00,,,,,
1187,0.00E+00,,,,,
1188,0.00E+00,,,,,
1189,0.00E+00,,,,,
1190,0.00E+00,,,,,
1191,0.00E+00,,,,,
1192,0.00E+00,,,,,
1193,0.00E+00,,,,,
1194,0.00E+00,,,,,
1195,0.00E+00,,,,,
1196,0.00E+00,,,,,
1197,0.00E+00,,,,,
1198,0.00E+00,,,,,
1199,0.00E+00,,,,,
1200,0.00E+00,,,,,
1201,0.00E+00,,,,,
1202,0.00E+00,,,,,
1203,0.00E+00,,,,,
1204,0.00E+00,,,,,
1205,0.00E+00,,,,,
1206,0.00E+00,,,,,
1207,0.00E+00,,,,,
1208,0.00E+00,,,,,
1209,0.00E+00,,,,,
1210,0.00E+00,,,,,
1211,0.00E+00,,,,,
1212,0.00E+00,,,,,
1213,0.00E+00,,,,,
1214,0.00E+00,,,,,
1215,0.00E+00,,,,,
1216,0.00E+00,,,,,
1217,0.00E+00,,,,,
1218,0.00E+00,,,,,
1219,0.00E+00,,,,,
1220,0.00E+00,,,,,
1221,0.00E+00,,,,,
1222,0.00E+00,,,,,
1223,0.00E+00,,,,,
1224,0.00E+00,,,,,
1225,0.00E+00,,,,,
1226,0.00E+00,,,,,
1227,0.00E+00,,,,,
1228,0.00E+00,,,,,
1229,0.00E+00,,,,,
1230,0.00E+00,,,,,
1231,0.00E+00,,,,,
1232,0.00E+00,,,,,
1233,0.00E+00,,,,,
1234,0.00E+00,,,,,
1235,0.00E+00,,,,,
1236,0.00E+00,,,,,
1237,0.00E+00,,,,,
1238,0.00E+00,,,,,
1239,0.00E+00,,,,,
1240,0.00E+00,,,,,
1241,0.00E+00,,,,,
1242,0.00E+00,,,,,
1243,0.00E+00,,,,,
1244,0.00E+00,,,,,
1245,0.00E+00,,,,,
1246,0.00E+00,,,,,
1247,0.00E+00,,,,,
1248,0.00E+00,,,,,
1249,0.00E+00,,,,,
1250,0.00E+00,,,,,
1251,0.00E+00,,,,,
1252,0.00E+00,,,,,
1253,0.00E+00,,,,,
1254,0.00E+00,,,,,
1255,0.00E+00,,,,,
1256,0.00E+00,,,,,
1257,0.00E+00,,,,,
1258,0.00E+00,,,,,
1259,0.00E+00,,,,,
1260,0.00E+00,,,,,
1261,1.00E+00,,,,,
1262,1.00E+00,,,,,
1263,1.00E+00,,,,,
1264,1.00E+00,,,,,
1265,1.00E+00,,,,,
1266,1.00E+00,,,,,
1267,1.00E+00,,,,,
1268,1.00E+00,,,,,
1269,1.00E+00,,,,,
1270,1.00E+00,,,,,
1271,1.00E+00,,,,,
1272,1.00E+00,,,,,
1273,1.00E+00,,,,,
1274,1.00E+00,,,,,
1275,1.00E+00,,,,,
1276,1.00E+00,,,,,
1277,1.00E+00,,,,,
1278,1.00E+00,,,,,
1279,1.00E+00,,,,,
1280,1.00E+00,,,,,
1281,1.00E+00,,,,,
1282,1.00E+00,,,,,
1283,1.00E+00,,,,,
1284,1.00E+00,,,,,
1285,1.00E+00,,,,,
1286,1.00E+00,,,,,
1287,1.00E+00,,,,,
1288,1.00E+00,,,,,
1289,1.00E+00,,,,,
1290,1.00E+00,,,,,
1291,1.00E+00,,,,,
1292,1.00E+00,,,,,
1293,1.00E+00,,,,,
1294,1.00E+00,,,,,
1295,1.00E+00,,,,,
1296,1.00E+00,,,,,
1297,1.00E+00,,,,,
1298,1.00E+00,,,,,
1299,1.00E+00,,,,,
1300,1.00E+00,,,,,
1301,1.00E+00,,,,,
1302,1.00E+00,,,,,
1303,1.00E+00,,,,,
1304,1.00E+00,,,,,
1305,1.00E+00,,,,,
1306,1.00E+00,,,,,
1307,1.00E+00,,,,,
1308,1.00E+00,,,,,
1309,1.00E+00,,,,,
1310,1.00E+00,,,,,
1311,1.00E+00,,,,,
1312,1.00E+00,,,,,
1313,1.00E+00,,,,,
1314,1.00E+00,,,,,
1315,1.00E+00,,,,,
1316,1.00E+00,,,,,
1317,1.00E+00,,,,,
1318,1.00E+00,,,,,
1319,1.00E+00,,,,,
1320,1.00E+00,,,,,
1321,1.00E+00,,,,,
1322,1.00E+00,,,,,
1323,1.00E+00,,,,,
1324,1.00E+00,,,,,
1325,1.00E+00,,,,,
1326,1.00E+00,,,,,
1327,1.00E+00,,,,,
1328,1.00E+00,,,,,
1329,1.00E+00,,,,,
1330,1.00E+00,,,,,
1331,1.00E+00,,,,,
1332,1.00E+00,,,,,
1333,1.00E+00,,,,,
1334,1.00E+00,,,,,
1335,1.00E+00,,,,,
1336,1.00E+00,,,,,
1337,1.00E+00,,,,,
1338,1.00E+00,,,,,
1339,1.00E+00,,,,,
1340,1.00E+00,,,,,
1341,1.00E+00,,,,,
1342,1.00E+00,,,,,
1343,1.00E+00,,,,,
1344,1.00E+00,,,,,
1345,1.00E+00,,,,,
1346,1.00E+00,,,,,
1347,1.00E+00,,,,,
1348,1.00E+00,,,,,
1349,1.00E+00,,,,,
1350,1.00E+00,,,,,
1351,0.00E+00,,,,,
1352,0.00E+00,,,,,
1353,0.00E+00,,,,,
1354,0.00E+00,,,,,
1355,0.00E+00,,,,,
1356,0.00E+00,,,,,
1357,0.00E+00,,,,,
1358,0.00E+00,,,,,
1359,0.00E+00,,,,,
1360,0.00E+00,,,,,
1361,0.00E+00,,,,,
1362,0.00E+00,,,,,
1363,0.00E+00,,,,,
1364,0.00E+00,,,,,
1365,0.00E+00,,,,,
1366,0.00E+00,,,,,
1367,0.00E+00,,,,,
1368,0.00E+00,,,,,
1369,0.00E+00,,,,,
1370,0.00E+00,,,,,
1371,0.00E+00,,,,,
1372,0.00E+00,,,,,
1373,0.00E+00,,,,,
1374,0.00E+00,,,,,
1375,0.00E+00,,,,,
1376,0.00E+00,,,,,
1377,0.00E+00,,,,,
1378,0.00E+00,,,,,
1379,0.00E+00,,,,,
1380,0.00E+00,,,,,
1381,0.00E+00,,,,,
1382,0.00E+00,,,,,
1383,0.00E+00,,,,,
1384,0.00E+00,,,,,
1385,0.00E+00,,,,,
1386,0.00E+00,,,,,
1387,0.00E+00,,,,,
1388,0.00E+00,,,,,
1389,0.00E+00,,,,,
1390,0.00E+00,,,,,
1391,0.00E+00,,,,,
1392,0.00E+00,,,,,
1393,0.00E+00,,,,,
1394,0.00E+00,,,,,
1395,0.00E+00,,,,,
1396,0.00E+00,,,,,
1397,0.00E+00,,,,,
1398,0.00E+00,,,,,
1399,0.00E+00,,,,,
1400,0.00E+00,,,,,
1401,0.00E+00,,,,,
1402,0.00E+00,,,,,
1403,0.00E+00,,,,,
1404,0.00E+00,,,,,
1405,0.00E+00,,,,,
1406,0.00E+00,,,,,
1407,0.00E+00,,,,,
1408,0.00E+00,,,,,
1409,0.00E+00,,,,,
1410,0.00E+00,,,,,
1411,0.00E+00,,,,,
1412,0.00E+00,,,,,
1413,0.00E+00,,,,,
1414,0.00E+00,,,,,
1415,0.00E+00,,,,,
1416,0.00E+00,,,,,
1417,0.00E+00,,,,,
1418,0.00E+00,,,,,
1419,0.00E+00,,,,,
1420,0.00E+00,,,,,
1421,0.00E+00,,,,,
1422,0.00E+00,,,,,
1423,0.00E+00,,,,,
1424,0.00E+00,,,,,
1425,0.00E+00,,,,,
1426,0.00E+00,,,,,
1427,0.00E+00,,,,,
1428,0.00E+00,,,,,
1429,0.00E+00,,,,,
1430,0.00E+00,,,,,
1431,0.00E+00,,,,,
1432,0.00E+00,,,,,
1433,0.00E+00,,,,,
1434,0.00E+00,,,,,
1435,0.00E+00,,,,,
1436,0.00E+00,,,,,
1437,0.00E+00,,,,,
1438,0.00E+00,,,,,
1439,0.00E+00,,,,,
1440,0.00E+00,,,,,
1441,1.00E+00,,,,,
1442,1.00E+00,,,,,
1443,1.00E+00,,,,,
1444,1.00E+00,,,,,
1445,1.00E+00,,,,,
1446,1.00E+00,,,,,
1447,1.00E+00,,,,,
1448,1.00E+00,,,,,
1449,1.00E+00,,,,,
1450,1.00E+00,,,,,
1451,1.00E+00,,,,,
1452,1.00E+00,,,,,
1453,1.00E+00,,,,,
1454,1.00E+00,,,,,
1455,1.00E+00,,,,,
1456,1.00E+00,,,,,
1457,1.00E+00,,,,,
1458,1.00E+00,,,,,
1459,1.00E+00,,,,,
1460,1.00E+00,,,,,
1461,1.00E+00,,,,,
1462,1.00E+00,,,,,
1463,1.00E+00,,,,,
1464,1.00E+00,,,,,
1465,1.00E+00,,,,,
1466,1.00E+00,,,,,
1467,1.00E+00,,,,,
1468,1.00E+00,,,,,
1469,1.00E+00,,,,,
1470,1.00E+00,,,,,
1471,1.00E+00,,,,,
1472,1.00E+00,,,,,
1473,1.00E+00,,,,,
1474,1.00E+00,,,,,
1475,1.00E+00,,,,,
1476,1.00E+00,,,,,
1477,1.00E+00,,,,,
1478,1.00E+00,,,,,
1479,1.00E+00,,,,,
1480,1.00E+00,,,,,
1481,1.00E+00,,,,,
1482,1.00E+00,,,,,
1483,1.00E+00,,,,,
1484,1.00E+00,,,,,
1485,1.00E+00,,,,,
1486,1.00E+00,,,,,
1487,1.00E+00,,,,,
1488,1.00E+00,,,,,
1489,1.00E+00,,,,,
1490,1.00E+00,,,,,
1491,1.00E+00,,,,,
1492,1.00E+00,,,,,
1493,1.00E+00,,,,,
1494,1.00E+00,,,,,
1495,1.00E+00,,,,,
1496,1.00E+00,,,,,
1497,1.00E+00,,,,,
1498,1.00E+00,,,,,
1499,1.00E+00,,,,,
1500,1.00E+00,,,,,
1501,1.00E+00,,,,,
1502,1.00E+00,,,,,
1503,1.00E+00,,,,,
1504,1.00E+00,,,,,
1505,1.00E+00,,,,,
1506,1.00E+00,,,,,
1507,1.00E+00,,,,,
1508,1.00E+00,,,,,
1509,1.00E+00,,,,,
1510,1.00E+00,,,,,
1511,1.00E+00,,,,,
1512,1.00E+00,,,,,
1513,1.00E+00,,,,,
1514,1.00E+00,,,,,
1515,1.00E+00,,,,,
1516,1.00E+00,,,,,
1517,1.00E+00,,,,,
1518,1.00E+00,,,,,
1519,1.00E+00,,,,,
1520,1.00E+00,,,,,
1521,1.00E+00,,,,,
1522,1.00E+00,,,,,
1523,1.00E+00,,,,,
1524,1.00E+00,,,,,
1525,1.00E+00,,,,,
1526,1.00E+00,,,,,
1527,1.00E+00,,,,,
1528,1.00E+00,,,,,
1529,1.00E+00,,,,,
1530,1.00E+00,,,,,
1531,0.00E+00,,,,,
1532,0.00E+00,,,,,
1533,0.00E+00,,,,,
1534,0.00E+00,,,,,
1535,0.00E+00,,,,,
1536,0.00E+00,,,,,
1537,0.00E+00,,,,,
1538,0.00E+00,,,,,
1539,0.00E+00,,,,,
1540,0.00E+00,,,,,
1541,0.00E+00,,,,,
1542,0.00E+00,,,,,
1543,0.00E+00,,,,,
1544,0.00E+00,,,,,
1545,0.00E+00,,,,,
1546,0.00E+00,,,,,
1547,0.00E+00,,,,,
1548,0.00E+00,,,,,
1549,0.00E+00,,,,,
1550,0.00E+00,,,,,
1551,0.00E+00,,,,,
1552,0.00E+00,,,,,
1553,0.00E+00,,,,,
1554,0.00E+00,,,,,
1555,0.00E+00,,,,,
1556,0.00E+00,,,,,
1557,0.00E+00,,,,,
1558,0.00E+00,,,,,
1559,0.00E+00,,,,,
1560,0.00E+00,,,,,
1561,0.00E+00,,,,,
1562,0.00E+00,,,,,
1563,0.00E+00,,,,,
1564,0.00E+00,,,,,
1565,0.00E+00,,,,,
1566,0.00E+00,,,,,
1567,0.00E+00,,,,,
1568,0.00E+00,,,,,
1569,0.00E+00,,,,,
1570,0.00E+00,,,,,
1571,0.00E+00,,,,,
1572,0.00E+00,,,,,
1573,0.00E+00,,,,,
1574,0.00E+00,,,,,
1575,0.00E+00,,,,,
1576,0.00E+00,,,,,
1577,0.00E+00,,,,,
1578,0.00E+00,,,,,
1579,0.00E+00,,,,,
1580,0.00E+00,,,,,
1581,0.00E+00,,,,,
1582,0.00E+00,,,,,
1583,0.00E+00,,,,,
1584,0.00E+00,,,,,
1585,0.00E+00,,,,,
1586,0.00E+00,,,,,
1587,0.00E+00,,,,,
1588,0.00E+00,,,,,
1589,0.00E+00,,,,,
1590,0.00E+00,,,,,
1591,0.00E+00,,,,,
1592,0.00E+00,,,,,
1593,0.00E+00,,,,,
1594,0.00E+00,,,,,
1595,0.00E+00,,,,,
1596,0.00E+00,,,,,
1597,0.00E+00,,,,,
1598,0.00E+00,,,,,
1599,0.00E+00,,,,,
1600,0.00E+00,,,,,
1601,0.00E+00,,,,,
1602,0.00E+00,,,,,
1603,0.00E+00,,,,,
1604,0.00E+00,,,,,
1605,0.00E+00,,,,,
1606,0.00E+00,,,,,
1607,0.00E+00,,,,,
1608,0.00E+00,,,,,
1609,0.00E+00,,,,,
1610,0.00E+00,,,,,
1611,0.00E+00,,,,,
1612,0.00E+00,,,,,
1613,0.00E+00,,,,,
1614,0.00E+00,,,,,
1615,0.00E+00,,,,,
1616,0.00E+00,,,,,
1617,0.00E+00,,,,,
1618,0.00E+00,,,,,
1619,0.00E+00,,,,,
1620,0.00E+00,,,,,
1621,1.00E+00,,,,,
1622,1.00E+00,,,,,
1623,1.00E+00,,,,,
1624,1.00E+00,,,,,
1625,1.00E+00,,,,,
1626,1.00E+00,,,,,
1627,1.00E+00,,,,,
1628,1.00E+00,,,,,
1629,1.00E+00,,,,,
1630,1.00E+00,,,,,
1631,1.00E+00,,,,,
1632,1.00E+00,,,,,
1633,1.00E+00,,,,,
1634,1.00E+00,,,,,
1635,1.00E+00,,,,,
1636,1.00E+00,,,,,
1637,1.00E+00,,,,,
1638,1.00E+00,,,,,
1639,1.00E+00,,,,,
1640,1.00E+00,,,,,
1641,1.00E+00,,,,,
1642,1.00E+00,,,,,
1643,1.00E+00,,,,,
1644,1.00E+00,,,,,
1645,1.00E+00,,,,,
1646,1.00E+00,,,,,
1647,1.00E+00,,,,,
1648,1.00E+00,,,,,
1649,1.00E+00,,,,,
1650,1.00E+00,,,,,
1651,1.00E+00,,,,,
1652,1.00E+00,,,,,
1653,1.00E+00,,,,,
1654,1.00E+00,,,,,
1655,1.00E+00,,,,,
1656,1.00E+00,,,,,
1657,1.00E+00,,,,,
1658,1.00E+00,,,,,
1659,1.00E+00,,,,,
1660,1.00E+00,,,,,
1661,1.00E+00,,,,,
1662,1.00E+00,,,,,
1663,1.00E+00,,,,,
1664,1.00E+00,,,,,
1665,1.00E+00,,,,,
1666,1.00E+00,,,,,
1667,1.00E+00,,,,,
1668,1.00E+00,,,,,
1669,1.00E+00,,,,,
1670,1.00E+00,,,,,
1671,1.00E+00,,,,,
1672,1.00E+00,,,,,
1673,1.00E+00,,,,,
1674,1.00E+00,,,,,
1675,1.00E+00,,,,,
1676,1.00E+00,,,,,
1677,1.00E+00,,,,,
1678,1.00E+00,,,,,
1679,1.00E+00,,,,,
1680,1.00E+00,,,,,
1681,1.00E+00,,,,,
1682,1.00E+00,,,,,
1683,1.00E+00,,,,,
1684,1.00E+00,,,,,
1685,1.00E+00,,,,,
1686,1.00E+00,,,,,
1687,1.00E+00,,,,,
1688,1.00E+00,,,,,
1689,1.00E+00,,,,,
1690,1.00E+00,,,,,
1691,1.00E+00,,,,,
1692,1.00E+00,,,,,
1693,1.00E+00,,,,,
1694,1.00E+00,,,,,
1695,1.00E+00,,,,,
1696,1.00E+00,,,,,
1697,1.00E+00,,,,,
1698,1.00E+00,,,,,
1699,1.00E+00,,,,,
1700,1.00E+00,,,,,
1701,1.00E+00,,,,,
1702,1.00E+00,,,,,
1703,1.00E+00,,,,,
1704,1.00E+00,,,,,
1705,1.00E+00,,,,,
1706,1.00E+00,,,,,
1707,1.00E+00,,,,,
1708,1.00E+00,,,,,
1709,1.00E+00,,,,,
1710,1.00E+00,,,,,
1711,0.00E+00,,,,,
1712,0.00E+00,,,,,
1713,0.00E+00,,,,,
1714,0.00E+00,,,,,
1715,0.00E+00,,,,,
1716,0.00E+00,,,,,
1717,0.00E+00,,,,,
1718,0.00E+00,,,,,
1719,0.00E+00,,,,,
1720,0.00E+00,,,,,
1721,0.00E+00,,,,,
1722,0.00E+00,,,,,
1723,0.00E+00,,,,,
1724,0.00E+00,,,,,
1725,0.00E+00,,,,,
1726,0.00E+00,,,,,
1727,0.00E+00,,,,,
1728,0.00E+00,,,,,
1729,0.00E+00,,,,,
1730,0.00E+00,,,,,
1731,0.00E+00,,,,,
1732,0.00E+00,,,,,
1733,0.00E+00,,,,,
1734,0.00E+00,,,,,
1735,0.00E+00,,,,,
1736,0.00E+00,,,,,
1737,0.00E+00,,,,,
1738,0.00E+00,,,,,
1739,0.00E+00,,,,,
1740,0.00E+00,,,,,
1741,0.00E+00,,,,,
1742,0.00E+00,,,,,
1743,0.00E+00,,,,,
1744,0.00E+00,,,,,
1745,0.00E+00,,,,,
1746,0.00E+00,,,,,
1747,0.00E+00,,,,,
1748,0.00E+00,,,,,
1749,0.00E+00,,,,,
1750,0.00E+00,,,,,
1751,0.00E+00,,,,,
1752,0.00E+00,,,,,
1753,0.00E+00,,,,,
1754,0.00E+00,,,,,
1755,0.00E+00,,,,,
1756,0.00E+00,,,,,
1757,0.00E+00,,,,,
1758,0.00E+00,,,,,
1759,0.00E+00,,,,,
1760,0.00E+00,,,,,
1761,0.00E+00,,,,,
1762,0.00E+00,,,,,
1763,0.00E+00,,,,,
1764,0.00E+00,,,,,
1765,0.00E+00,,,,,
1766,0.00E+00,,,,,
1767,0.00E+00,,,,,
1768,0.00E+00,,,,,
1769,0.00E+00,,,,,
1770,0.00E+00,,,,,
1771,0.00E+00,,,,,
1772,0.00E+00,,,,,
1773,0.00E+00,,,,,
1774,0.00E+00,,,,,
1775,0.00E+00,,,,,
1776,0.00E+00,,,,,
1777,0.00E+00,,,,,
1778,0.00E+00,,,,,
1779,0.00E+00,,,,,
1780,0.00E+00,,,,,
1781,0.00E+00,,,,,
1782,0.00E+00,,,,,
1783,0.00E+00,,,,,
1784,0.00E+00,,,,,
1785,0.00E+00,,,,,
1786,0.00E+00,,,,,
1787,0.00E+00,,,,,
1788,0.00E+00,,,,,
1789,0.00E+00,,,,,
1790,0.00E+00,,,,,
1791,0.00E+00,,,,,
1792,0.00E+00,,,,,
1793,0.00E+00,,,,,
1794,0.00E+00,,,,,
1795,0.00E+00,,,,,
1796,0.00E+00,,,,,
1797,0.00E+00,,,,,
1798,0.00E+00,,,,,
1799,0.00E+00,,,,,
1800,0.00E+00,,,,,
1801,1.00E+00,,,,,
1802,1.00E+00,,,,,
1803,1.00E+00,,,,,
1804,1.00E+00,,,,,
1805,1.00E+00,,,,,
1806,1.00E+00,,,,,
1807,1.00E+00,,,,,
1808,1.00E+00,,,,,
1809,1.00E+00,,,,,
1810,1.00E+00,,,,,
1811,1.00E+00,,,,,
1812,1.00E+00,,,,,
1813,1.00E+00,,,,,
1814,1.00E+00,,,,,
1815,1.00E+00,,,,,
1816,1.00E+00,,,,,
1817,1.00E+00,,,,,
1818,1.00E+00,,,,,
1819,1.00E+00,,,,,
1820,1.00E+00,,,,,
1821,1.00E+00,,,,,
1822,1.00E+00,,,,,
1823,1.00E+00,,,,,
1824,1.00E+00,,,,,
1825,1.00E+00,,,,,
1826,1.00E+00,,,,,
1827,1.00E+00,,,,,
1828,1.00E+00,,,,,
1829,1.00E+00,,,,,
1830,1.00E+00,,,,,
1831,1.00E+00,,,,,
1832,1.00E+00,,,,,
1833,1.00E+00,,,,,
1834,1.00E+00,,,,,
1835,1.00E+00,,,,,
1836,1.00E+00,,,,,
1837,1.00E+00,,,,,
1838,1.00E+00,,,,,
1839,1.00E+00,,,,,
1840,1.00E+00,,,,,
1841,1.00E+00,,,,,
1842,1.00E+00,,,,,
1843,1.00E+00,,,,,
1844,1.00E+00,,,,,
1845,1.00E+00,,,,,
1846,1.00E+00,,,,,
1847,1.00E+00,,,,,
1848,1.00E+00,,,,,
1849,1.00E+00,,,,,
1850,1.00E+00,,,,,
1851,1.00E+00,,,,,
1852,1.00E+00,,,,,
1853,1.00E+00,,,,,
1854,1.00E+00,,,,,
1855,1.00E+00,,,,,
1856,1.00E+00,,,,,
1857,1.00E+00,,,,,
1858,1.00E+00,,,,,
1859,1.00E+00,,,,,
1860,1.00E+00,,,,,
1861,1.00E+00,,,,,
1862,1.00E+00,,,,,
1863,1.00E+00,,,,,
1864,1.00E+00,,,,,
1865,1.00E+00,,,,,
1866,1.00E+00,,,,,
1867,1.00E+00,,,,,
1868,1.00E+00,,,,,
1869,1.00E+00,,,,,
1870,1.00E+00,,,,,
1871,1.00E+00,,,,,
1872,1.00E+00,,,,,
1873,1.00E+00,,,,,
1874,1.00E+00,,,,,
1875,1.00E+00,,,,,
1876,1.00E+00,,,,,
1877,1.00E+00,,,,,
1878,1.00E+00,,,,,
1879,1.00E+00,,,,,
1880,1.00E+00,,,,,
1881,1.00E+00,,,,,
1882,1.00E+00,,,,,
1883,1.00E+00,,,,,
1884,1.00E+00,,,,,
1885,1.00E+00,,,,,
1886,1.00E+00,,,,,
1887,1.00E+00,,,,,
1888,1.00E+00,,,,,
1889,1.00E+00,,,,,
1890,1.00E+00,,,,,
1891,0.00E+00,,,,,
1892,0.00E+00,,,,,
1893,0.00E+00,,,,,
1894,0.00E+00,,,,,
1895,0.00E+00,,,,,
1896,0.00E+00,,,,,
1897,0.00E+00,,,,,
1898,0.00E+00,,,,,
1899,0.00E+00,,,,,
1900,0.00E+00,,,,,
1901,0.00E+00,,,,,
1902,0.00E+00,,,,,
1903,0.00E+00,,,,,
1904,0.00E+00,,,,,
1905,0.00E+00,,,,,
1906,0.00E+00,,,,,
1907,0.00E+00,,,,,
1908,0.00E+00,,,,,
1909,0.00E+00,,,,,
1910,0.00E+00,,,,,
1911,0.00E+00,,,,,
1912,0.00E+00,,,,,
1913,0.00E+00,,,,,
1914,0.00E+00,,,,,
1915,0.00E+00,,,,,
1916,0.00E+00,,,,,
1917,0.00E+00,,,,,
1918,0.00E+00,,,,,
1919,0.00E+00,,,,,
1920,0.00E+00,,,,,
1921,0.00E+00,,,,,
1922,0.00E+00,,,,,
1923,0.00E+00,,,,,
1924,0.00E+00,,,,,
1925,0.00E+00,,,,,
1926,0.00E+00,,,,,
1927,0.00E+00,,,,,
1928,0.00E+00,,,,,
1929,0.00E+00,,,,,
1930,0.00E+00,,,,,
1931,0.00E+00,,,,,
1932,0.00E+00,,,,,
1933,0.00E+00,,,,,
1934,0.00E+00,,,,,
1935,0.00E+00,,,,,
1936,0.00E+00,,,,,
1937,0.00E+00,,,,,
1938,0.00E+00,,,,,
1939,0.00E+00,,,,,
1940,0.00E+00,,,,,
1941,0.00E+00,,,,,
1942,0.00E+00,,,,,
1943,0.00E+00,,,,,
1944,0.00E+00,,,,,
1945,0.00E+00,,,,,
1946,0.00E+00,,,,,
1947,0.00E+00,,,,,
1948,0.00E+00,,,,,
1949,0.00E+00,,,,,
1950,0.00E+00,,,,,
1951,0.00E+00,,,,,
1952,0.00E+00,,,,,
1953,0.00E+00,,,,,
1954,0.00E+00,,,,,
1955,0.00E+00,,,,,
1956,0.00E+00,,,,,
1957,0.00E+00,,,,,
1958,0.00E+00,,,,,
1959,0.00E+00,,,,,
1960,0.00E+00,,,,,
1961,0.00E+00,,,,,
1962,0.00E+00,,,,,
1963,0.00E+00,,,,,
1964,0.00E+00,,,,,
1965,0.00E+00,,,,,
1966,0.00E+00,,,,,
1967,0.00E+00,,,,,
1968,0.00E+00,,,,,
1969,0.00E+00,,,,,
1970,0.00E+00,,,,,
1971,0.00E+00,,,,,
1972,0.00E+00,,,,,
1973,0.00E+00,,,,,
1974,0.00E+00,,,,,
1975,0.00E+00,,,,,
1976,0.00E+00,,,,,
1977,0.00E+00,,,,,
1978,0.00E+00,,,,,
1979,0.00E+00,,,,,
1980,0.00E+00,,,,,
1981,1.00E+00,,,,,
1982,1.00E+00,,,,,
1983,1.00E+00,,,,,
1984,1.00E+00,,,,,
1985,1.00E+00,,,,,
1986,1.00E+00,,,,,
1987,1.00E+00,,,,,
1988,1.00E+00,,,,,
1989,1.00E+00,,,,,
1990,1.00E+00,,,,,
1991,1.00E+00,,,,,
1992,1.00E+00,,,,,
1993,1.00E+00,,,,,
1994,1.00E+00,,,,,
1995,1.00E+00,,,,,
1996,1.00E+00,,,,,
1997,1.00E+00,,,,,
1998,1.00E+00,,,,,
1999,1.00E+00,,,,,
2000,1.00E+00,,,,,
2001,1.00E+00,,,,,
2002,1.00E+00,,,,,
2003,1.00E+00,,,,,
2004,1.00E+00,,,,,
2005,1.00E+00,,,,,
2006,1.00E+00,,,,,
2007,1.00E+00,,,,,
2008,1.00E+00,,,,,
2009,1.00E+00,,,,,
2010,1.00E+00,,,,,
2011,1.00E+00,,,,,
2012,1.00E+00,,,,,
2013,1.00E+00,,,,,
2014,1.00E+00,,,,,
2015,1.00E+00,,,,,
2016,1.00E+00,,,,,
2017,1.00E+00,,,,,
2018,1.00E+00,,,,,
2019,1.00E+00,,,,,
2020,1.00E+00,,,,,
2021,1.00E+00,,,,,
2022,1.00E+00,,,,,
2023,1.00E+00,,,,,
2024,1.00E+00,,,,,
2025,1.00E+00,,,,,
2026,1.00E+00,,,,,
2027,1.00E+00,,,,,
2028,1.00E+00,,,,,
2029,1.00E+00,,,,,
2030,1.00E+00,,,,,
2031,1.00E+00,,,,,
2032,1.00E+00,,,,,
2033,1.00E+00,,,,,
2034,1.00E+00,,,,,
2035,1.00E+00,,,,,
2036,1.00E+00,,,,,
2037,1.00E+00,,,,,
2038,1.00E+00,,,,,
2039,1.00E+00,,,,,
2040,1.00E+00,,,,,
2041,1.00E+00,,,,,
2042,1.00E+00,,,,,
2043,1.00E+00,,,,,
2044,1.00E+00,,,,,
2045,1.00E+00,,,,,
2046,1.00E+00,,,,,
2047,1.00E+00,,,,,
2048,1.00E+00,,,,,
2049,1.00E+00,,,,,
2050,1.00E+00,,,,,
2051,1.00E+00,,,,,
2052,1.00E+00,,,,,
2053,1.00E+00,,,,,
2054,1.00E+00,,,,,
2055,1.00E+00,,,,,
2056,1.00E+00,,,,,
2057,1.00E+00,,,,,
2058,1.00E+00,,,,,
2059,1.00E+00,,,,,
2060,1.00E+00,,,,,
2061,1.00E+00,,,,,
2062,1.00E+00,,,,,
2063,1.00E+00,,,,,
2064,1.00E+00,,,,,
2065,1.00E+00,,,,,
2066,1.00E+00,,,,,
2067,1.00E+00,,,,,
2068,1.00E+00,,,,,
2069,1.00E+00,,,,,
2070,1.00E+00,,,,,
2071,0.00E+00,,,,,
2072,0.00E+00,,,,,
2073,0.00E+00,,,,,
2074,0.00E+00,,,,,
2075,0.00E+00,,,,,
2076,0.00E+00,,,,,
2077,0.00E+00,,,,,
2078,0.00E+00,,,,,
2079,0.00E+00,,,,,
2080,0.00E+00,,,,,
2081,0.00E+00,,,,,
2082,0.00E+00,,,,,
2083,0.00E+00,,,,,
2084,0.00E+00,,,,,
2085,0.00E+00,,,,,
2086,0.00E+00,,,,,
2087,0.00E+00,,,,,
2088,0.00E+00,,,,,
2089,0.00E+00,,,,,
2090,0.00E+00,,,,,
2091,0.00E+00,,,,,
2092,0.00E+00,,,,,
2093,0.00E+00,,,,,
2094,0.00E+00,,,,,
2095,0.00E+00,,,,,
2096,0.00E+00,,,,,
2097,0.00E+00,,,,,
2098,0.00E+00,,,,,
2099,0.00E+00,,,,,
2100,0.00E+00,,,,,
2101,0.00E+00,,,,,
2102,0.00E+00,,,,,
2103,0.00E+00,,,,,
2104,0.00E+00,,,,,
2105,0.00E+00,,,,,
2106,0.00E+00,,,,,
2107,0.00E+00,,,,,
2108,0.00E+00,,,,,
2109,0.00E+00,,,,,
2110,0.00E+00,,,,,
2111,0.00E+00,,,,,
2112,0.00E+00,,,,,
2113,0.00E+00,,,,,
2114,0.00E+00,,,,,
2115,0.00E+00,,,,,
2116,0.00E+00,,,,,
2117,0.00E+00,,,,,
2118,0.00E+00,,,,,
2119,0.00E+00,,,,,
2120,0.00E+00,,,,,
2121,0.00E+00,,,,,
2122,0.00E+00,,,,,
2123,0.00E+00,,,,,
2124,0.00E+00,,,,,
2125,0.00E+00,,,,,
2126,0.00E+00,,,,,
2127,0.00E+00,,,,,
2128,0.00E+00,,,,,
2129,0.00E+00,,,,,
2130,0.00E+00,,,,,
2131,0.00E+00,,,,,
2132,0.00E+00,,,,,
2133,0.00E+00,,,,,
2134,0.00E+00,,,,,
2135,0.00E+00,,,,,
2136,0.00E+00,,,,,
2137,0.00E+00,,,,,
2138,0.00E+00,,,,,
2139,0.00E+00,,,,,
2140,0.00E+00,,,,,
2141,0.00E+00,,,,,
2142,0.00E+00,,,,,
2143,0.00E+00,,,,,
2144,0.00E+00,,,,,
2145,0.00E+00,,,,,
2146,0.00E+00,,,,,
2147,0.00E+00,,,,,
2148,0.00E+00,,,,,
2149,0.00E+00,,,,,
2150,0.00E+00,,,,,
2151,0.00E+00,,,,,
2152,0.00E+00,,,,,
2153,0.00E+00,,,,,
2154,0.00E+00,,,,,
2155,0.00E+00,,,,,
2156,0.00E+00,,,,,
2157,0.00E+00,,,,,
2158,0.00E+00,,,,,
2159,0.00E+00,,,,,
2160,0.00E+00,,,,,
2161,1.00E+00,,,,,
2162,1.00E+00,,,,,
2163,1.00E+00,,,,,
2164,1.00E+00,,,,,
2165,1.00E+00,,,,,
2166,1.00E+00,,,,,
2167,1.00E+00,,,,,
2168,1.00E+00,,,,,
2169,1.00E+00,,,,,
2170,1.00E+00,,,,,
2171,1.00E+00,,,,,
2172,1.00E+00,,,,,
2173,1.00E+00,,,,,
2174,1.00E+00,,,,,
2175,1.00E+00,,,,,
2176,1.00E+00,,,,,
2177,1.00E+00,,,,,
2178,1.00E+00,,,,,
2179,1.00E+00,,,,,
2180,1.00E+00,,,,,
2181,1.00E+00,,,,,
2182,1.00E+00,,,,,
2183,1.00E+00,,,,,
2184,1.00E+00,,,,,
2185,1.00E+00,,,,,
2186,1.00E+00,,,,,
2187,1.00E+00,,,,,
2188,1.00E+00,,,,,
2189,1.00E+00,,,,,
2190,1.00E+00,,,,,
2191,1.00E+00,,,,,
2192,1.00E+00,,,,,
2193,1.00E+00,,,,,
2194,1.00E+00,,,,,
2195,1.00E+00,,,,,
2196,1.00E+00,,,,,
2197,1.00E+00,,,,,
2198,1.00E+00,,,,,
2199,1.00E+00,,,,,
2200,1.00E+00,,,,,
2201,1.00E+00,,,,,
2202,1.00E+00,,,,,
2203,1.00E+00,,,,,
2204,1.00E+00,,,,,
2205,1.00E+00,,,,,
2206,1.00E+00,,,,,
2207,1.00E+00,,,,,
2208,1.00E+00,,,,,
2209,1.00E+00,,,,,
2210,1.00E+00,,,,,
2211,1.00E+00,,,,,
2212,1.00E+00,,,,,
2213,1.00E+00,,,,,
2214,1.00E+00,,,,,
2215,1.00E+00,,,,,
2216,1.00E+00,,,,,
2217,1.00E+00,,,,,
2218,1.00E+00,,,,,
2219,1.00E+00,,,,,
2220,1.00E+00,,,,,
2221,1.00E+00,,,,,
2222,1.00E+00,,,,,
2223,1.00E+00,,,,,
2224,1.00E+00,,,,,
2225,1.00E+00,,,,,
2226,1.00E+00,,,,,
2227,1.00E+00,,,,,
2228,1.00E+00,,,,,
2229,1.00E+00,,,,,
2230,1.00E+00,,,,,
2231,1.00E+00,,,,,
2232,1.00E+00,,,,,
2233,1.00E+00,,,,,
2234,1.00E+00,,,,,
2235,1.00E+00,,,,,
2236,1.00E+00,,,,,
2237,1.00E+00,,,,,
2238,1.00E+00,,,,,
2239,1.00E+00,,,,,
2240,1.00E+00,,,,,
2241,1.00E+00,,,,,
2242,1.00E+00,,,,,
2243,1.00E+00,,,,,
2244,1.00E+00,,,,,
2245,1.00E+00,,,,,
2246,1.00E+00,,,,,
2247,1.00E+00,,,,,
2248,1.00E+00,,,,,
2249,1.00E+00,,,,,
2250,1.00E+00,,,,,
2251,0.00E+00,,,,,
2252,0.00E+00,,,,,
2253,0.00E+00,,,,,
2254,0.00E+00,,,,,
2255,0.00E+00,,,,,
2256,0.00E+00,,,,,
2257,0.00E+00,,,,,
2258,0.00E+00,,,,,
2259,0.00E+00,,,,,
2260,0.00E+00,,,,,
2261,0.00E+00,,,,,
2262,0.00E+00,,,,,
2263,0.00E+00,,,,,
2264,0.00E+00,,,,,
2265,0.00E+00,,,,,
2266,0.00E+00,,,,,
2267,0.00E+00,,,,,
2268,0.00E+00,,,,,
2269,0.00E+00,,,,,
2270,0.00E+00,,,,,
2271,0.00E+00,,,,,
2272,0.00E+00,,,,,
2273,0.00E+00,,,,,
2274,0.00E+00,,,,,
2275,0.00E+00,,,,,
2276,0.00E+00,,,,,
2277,0.00E+00,,,,,
2278,0.00E+00,,,,,
2279,0.00E+00,,,,,
2280,0.00E+00,,,,,
2281,0.00E+00,,,,,
2282,0.00E+00,,,,,
2283,0.00E+00,,,,,
2284,0.00E+00,,,,,
2285,0.00E+00,,,,,
2286,0.00E+00,,,,,
2287,0.00E+00,,,,,
2288,0.00E+00,,,,,
2289,0.00E+00,,,,,
2290,0.00E+00,,,,,
2291,0.00E+00,,,,,
2292,0.00E+00,,,,,
2293,0.00E+00,,,,,
2294,0.00E+00,,,,,
2295,0.00E+00,,,,,
2296,0.00E+00,,,,,
2297,0.00E+00,,,,,
2298,0.00E+00,,,,,
2299,0.00E+00,,,,,
2300,0.00E+00,,,,,
2301,0.00E+00,,,,,
2302,0.00E+00,,,,,
2303,0.00E+00,,,,,
2304,0.00E+00,,,,,
2305,0.00E+00,,,,,
2306,0.00E+00,,,,,
2307,0.00E+00,,,,,
2308,0.00E+00,,,,,
2309,0.00E+00,,,,,
2310,0.00E+00,,,,,
2311,0.00E+00,,,,,
2312,0.00E+00,,,,,
2313,0.00E+00,,,,,
2314,0.00E+00,,,,,
2315,0.00E+00,,,,,
2316,0.00E+00,,,,,
2317,0.00E+00,,,,,
2318,0.00E+00,,,,,
2319,0.00E+00,,,,,
2320,0.00E+00,,,,,
2321,0.00E+00,,,,,
2322,0.00E+00,,,,,
2323,0.00E+00,,,,,
2324,0.00E+00,,,,,
2325,0.00E+00,,,,,
2326,0.00E+00,,,,,
2327,0.00E+00,,,,,
2328,0.00E+00,,,,,
2329,0.00E+00,,,,,
2330,0.00E+00,,,,,
2331,0.00E+00,,,,,
2332,0.00E+00,,,,,
2333,0.00E+00,,,,,
2334,0.00E+00,,,,,
2335,0.00E+00,,,,,
2336,0.00E+00,,,,,
2337,0.00E+00,,,,,
2338,0.00E+00,,,,,
2339,0.00E+00,,,,,
2340,0.00E+00,,,,,
2341,1.00E+00,,,,,
2342,1.00E+00,,,,,
2343,1.00E+00,,,,,
2344,1.00E+00,,,,,
2345,1.00E+00,,,,,
2346,1.00E+00,,,,,
2347,1.00E+00,,,,,
2348,1.00E+00,,,,,
2349,1.00E+00,,,,,
2350,1.00E+00,,,,,
2351,1.00E+00,,,,,
2352,1.00E+00,,,,,
2353,1.00E+00,,,,,
2354,1.00E+00,,,,,
2355,1.00E+00,,,,,
2356,1.00E+00,,,,,
2357,1.00E+00,,,,,
2358,1.00E+00,,,,,
2359,1.00E+00,,,,,
2360,1.00E+00,,,,,
2361,1.00E+00,,,,,
2362,1.00E+00,,,,,
2363,1.00E+00,,,,,
2364,1.00E+00,,,,,
2365,1.00E+00,,,,,
2366,1.00E+00,,,,,
2367,1.00E+00,,,,,
2368,1.00E+00,,,,,
2369,1.00E+00,,,,,
2370,1.00E+00,,,,,
2371,1.00E+00,,,,,
2372,1.00E+00,,,,,
2373,1.00E+00,,,,,
2374,1.00E+00,,,,,
2375,1.00E+00,,,,,
2376,1.00E+00,,,,,
2377,1.00E+00,,,,,
2378,1.00E+00,,,,,
2379,1.00E+00,,,,,
2380,1.00E+00,,,,,
2381,1.00E+00,,,,,
2382,1.00E+00,,,,,
2383,1.00E+00,,,,,
2384,1.00E+00,,,,,
2385,1.00E+00,,,,,
2386,1.00E+00,,,,,
2387,1.00E+00,,,,,
2388,1.00E+00,,,,,
2389,1.00E+00,,,,,
2390,1.00E+00,,,,,
2391,1.00E+00,,,,,
2392,1.00E+00,,,,,
2393,1.00E+00,,,,,
2394,1.00E+00,,,,,
2395,1.00E+00,,,,,
2396,1.00E+00,,,,,
2397,1.00E+00,,,,,
2398,1.00E+00,,,,,
2399,1.00E+00,,,,,
2400,1.00E+00,,,,,
2401,1.00E+00,,,,,
2402,1.00E+00,,,,,
2403,1.00E+00,,,,,
2404,1.00E+00,,,,,
2405,1.00E+00,,,,,
2406,1.00E+00,,,,,
2407,1.00E+00,,,,,
2408,1.00E+00,,,,,
2409,1.00E+00,,,,,
2410,1.00E+00,,,,,
2411,1.00E+00,,,,,
2412,1.00E+00,,,,,
2413,1.00E+00,,,,,
2414,1.00E+00,,,,,
2415,1.00E+00,,,,,
2416,1.00E+00,,,,,
2417,1.00E+00,,,,,
2418,1.00E+00,,,,,
2419,1.00E+00,,,,,
2420,1.00E+00,,,,,
2421,1.00E+00,,,,,
2422,1.00E+00,,,,,
2423,1.00E+00,,,,,
2424,1.00E+00,,,,,
2425,1.00E+00,,,,,
2426,1.00E+00,,,,,
2427,1.00E+00,,,,,
2428,1.00E+00,,,,,
2429,1.00E+00,,,,,
2430,1.00E+00,,,,,
2431,0.00E+00,,,,,
2432,0.00E+00,,,,,
2433,0.00E+00,,,,,
2434,0.00E+00,,,,,
2435,0.00E+00,,,,,
2436,0.00E+00,,,,,
2437,0.00E+00,,,,,
2438,0.00E+00,,,,,
2439,0.00E+00,,,,,
2440,0.00E+00,,,,,
2441,0.00E+00,,,,,
2442,0.00E+00,,,,,
2443,0.00E+00,,,,,
2444,0.00E+00,,,,,
2445,0.00E+00,,,,,
2446,0.00E+00,,,,,
2447,0.00E+00,,,,,
2448,0.00E+00,,,,,
2449,0.00E+00,,,,,
2450,0.00E+00,,,,,
2451,0.00E+00,,,,,
2452,0.00E+00,,,,,
2453,0.00E+00,,,,,
2454,0.00E+00,,,,,
2455,0.00E+00,,,,,
2456,0.00E+00,,,,,
2457,0.00E+00,,,,,
2458,0.00E+00,,,,,
2459,0.00E+00,,,,,
2460,0.00E+00,,,,,
2461,0.00E+00,,,,,
2462,0.00E+00,,,,,
2463,0.00E+00,,,,,
2464,0.00E+00,,,,,
2465,0.00E+00,,,,,
2466,0.00E+00,,,,,
2467,0.00E+00,,,,,
2468,0.00E+00,,,,,
2469,0.00E+00,,,,,
2470,0.00E+00,,,,,
2471,0.00E+00,,,,,
2472,0.00E+00,,,,,
2473,0.00E+00,,,,,
2474,0.00E+00,,,,,
2475,0.00E+00,,,,,
2476,0.00E+00,,,,,
2477,0.00E+00,,,,,
2478,0.00E+00,,,,,
2479,0.00E+00,,,,,
2480,0.00E+00,,,,,
2481,0.00E+00,,,,,
2482,0.00E+00,,,,,
2483,0.00E+00,,,,,
2484,0.00E+00,,,,,
2485,0.00E+00,,,,,
2486,0.00E+00,,,,,
2487,0.00E+00,,,,,
2488,0.00E+00,,,,,
2489,0.00E+00,,,,,
2490,0.00E+00,,,,,
2491,0.00E+00,,,,,
2492,0.00E+00,,,,,
2493,0.00E+00,,,,,
2494,0.00E+00,,,,,
2495,0.00E+00,,,,,
2496,0.00E+00,,,,,
2497,0.00E+00,,,,,
2498,0.00E+00,,,,,
2499,0.00E+00,,,,,
2500,0.00E+00,,,,,
2501,0.00E+00,,,,,
2502,0.00E+00,,,,,
2503,0.00E+00,,,,,
2504,0.00E+00,,,,,
2505,0.00E+00,,,,,
2506,0.00E+00,,,,,
2507,0.00E+00,,,,,
2508,0.00E+00,,,,,
2509,0.00E+00,,,,,
2510,0.00E+00,,,,,
2511,0.00E+00,,,,,
2512,0.00E+00,,,,,
2513,0.00E+00,,,,,
2514,0.00E+00,,,,,
2515,0.00E+00,,,,,
2516,0.00E+00,,,,,
2517,0.00E+00,,,,,
2518,0.00E+00,,,,,
2519,0.00E+00,,,,,
2520,0.00E+00,,,,,
2521,1.00E+00,,,,,
2522,1.00E+00,,,,,
2523,1.00E+00,,,,,
2524,1.00E+00,,,,,
2525,1.00E+00,,,,,
2526,1.00E+00,,,,,
2527,1.00E+00,,,,,
2528,1.00E+00,,,,,
2529,1.00E+00,,,,,
2530,1.00E+00,,,,,
2531,1.00E+00,,,,,
2532,1.00E+00,,,,,
2533,1.00E+00,,,,,
2534,1.00E+00,,,,,
2535,1.00E+00,,,,,
2536,1.00E+00,,,,,
2537,1.00E+00,,,,,
2538,1.00E+00,,,,,
2539,1.00E+00,,,,,
2540,1.00E+00,,,,,
2541,1.00E+00,,,,,
2542,1.00E+00,,,,,
2543,1.00E+00,,,,,
2544,1.00E+00,,,,,
2545,1.00E+00,,,,,
2546,1.00E+00,,,,,
2547,1.00E+00,,,,,
2548,1.00E+00,,,,,
2549,1.00E+00,,,,,
2550,1.00E+00,,,,,
2551,1.00E+00,,,,,
2552,1.00E+00,,,,,
2553,1.00E+00,,,,,
2554,1.00E+00,,,,,
2555,1.00E+00,,,,,
2556,1.00E+00,,,,,
2557,1.00E+00,,,,,
2558,1.00E+00,,,,,
2559,1.00E+00,,,,,
2560,1.00E+00,,,,,
2561,1.00E+00,,,,,
2562,1.00E+00,,,,,
2563,1.00E+00,,,,,
2564,1.00E+00,,,,,
2565,1.00E+00,,,,,
2566,1.00E+00,,,,,
2567,1.00E+00,,,,,
2568,1.00E+00,,,,,
2569,1.00E+00,,,,,
2570,1.00E+00,,,,,
2571,1.00E+00,,,,,
2572,1.00E+00,,,,,
2573,1.00E+00,,,,,
2574,1.00E+00,,,,,
2575,1.00E+00,,,,,
2576,1.00E+00,,,,,
2577,1.00E+00,,,,,
2578,1.00E+00,,,,,
2579,1.00E+00,,,,,
2580,1.00E+00,,,,,
2581,1.00E+00,,,,,
2582,1.00E+00,,,,,
2583,1.00E+00,,,,,
2584,1.00E+00,,,,,
2585,1.00E+00,,,,,
2586,1.00E+00,,,,,
2587,1.00E+00,,,,,
2588,1.00E+00,,,,,
2589,1.00E+00,,,,,
2590,1.00E+00,,,,,
2591,1.00E+00,,,,,
2592,1.00E+00,,,,,
2593,1.00E+00,,,,,
2594,1.00E+00,,,,,
2595,1.00E+00,,,,,
2596,1.00E+00,,,,,
2597,1.00E+00,,,,,
2598,1.00E+00,,,,,
2599,1.00E+00,,,,,
2600,1.00E+00,,,,,
2601,1.00E+00,,,,,
2602,1.00E+00,,,,,
2603,1.00E+00,,,,,
2604,1.00E+00,,,,,
2605,1.00E+00,,,,,
2606,1.00E+00,,,,,
2607,1.00E+00,,,,,
2608,1.00E+00,,,,,
2609,1.00E+00,,,,,
2610,1.00E+00,,,,,
2611,0.00E+00,,,,,
2612,0.00E+00,,,,,
2613,0.00E+00,,,,,
2614,0.00E+00,,,,,
2615,0.00E+00,,,,,
2616,0.00E+00,,,,,
2617,0.00E+00,,,,,
2618,0.00E+00,,,,,
2619,0.00E+00,,,,,
2620,0.00E+00,,,,,
2621,0.00E+00,,,,,
2622,0.00E+00,,,,,
2623,0.00E+00,,,,,
2624,0.00E+00,,,,,
2625,0.00E+00,,,,,
2626,0.00E+00,,,,,
2627,0.00E+00,,,,,
2628,0.00E+00,,,,,
2629,0.00E+00,,,,,
2630,0.00E+00,,,,,
2631,0.00E+00,,,,,
2632,0.00E+00,,,,,
2633,0.00E+00,,,,,
2634,0.00E+00,,,,,
2635,0.00E+00,,,,,
2636,0.00E+00,,,,,
2637,0.00E+00,,,,,
2638,0.00E+00,,,,,
2639,0.00E+00,,,,,
2640,0.00E+00,,,,,
2641,0.00E+00,,,,,
2642,0.00E+00,,,,,
2643,0.00E+00,,,,,
2644,0.00E+00,,,,,
2645,0.00E+00,,,,,
2646,0.00E+00,,,,,
2647,0.00E+00,,,,,
2648,0.00E+00,,,,,
2649,0.00E+00,,,,,
2650,0.00E+00,,,,,
2651,0.00E+00,,,,,
2652,0.00E+00,,,,,
2653,0.00E+00,,,,,
2654,0.00E+00,,,,,
2655,0.00E+00,,,,,
2656,0.00E+00,,,,,
2657,0.00E+00,,,,,
2658,0.00E+00,,,,,
2659,0.00E+00,,,,,
2660,0.00E+00,,,,,
2661,0.00E+00,,,,,
2662,0.00E+00,,,,,
2663,0.00E+00,,,,,
2664,0.00E+00,,,,,
2665,0.00E+00,,,,,
2666,0.00E+00,,,,,
2667,0.00E+00,,,,,
2668,0.00E+00,,,,,
2669,0.00E+00,,,,,
2670,0.00E+00,,,,,
2671,0.00E+00,,,,,
2672,0.00E+00,,,,,
2673,0.00E+00,,,,,
2674,0.00E+00,,,,,
2675,0.00E+00,,,,,
2676,0.00E+00,,,,,
2677,0.00E+00,,,,,
2678,0.00E+00,,,,,
2679,0.00E+00,,,,,
2680,0.00E+00,,,,,
2681,0.00E+00,,,,,
2682,0.00E+00,,,,,
2683,0.00E+00,,,,,
2684,0.00E+00,,,,,
2685,0.00E+00,,,,,
2686,0.00E+00,,,,,
2687,0.00E+00,,,,,
2688,0.00E+00,,,,,
2689,0.00E+00,,,,,
2690,0.00E+00,,,,,
2691,0.00E+00,,,,,
2692,0.00E+00,,,,,
2693,0.00E+00,,,,,
2694,0.00E+00,,,,,
2695,0.00E+00,,,,,
2696,0.00E+00,,,,,
2697,0.00E+00,,,,,
2698,0.00E+00,,,,,
2699,0.00E+00,,,,,
2700,0.00E+00,,,,,
2701,1.00E+00,,,,,
2702,1.00E+00,,,,,
2703,1.00E+00,,,,,
2704,1.00E+00,,,,,
2705,1.00E+00,,,,,
2706,1.00E+00,,,,,
2707,1.00E+00,,,,,
2708,1.00E+00,,,,,
2709,1.00E+00,,,,,
2710,1.00E+00,,,,,
2711,1.00E+00,,,,,
2712,1.00E+00,,,,,
2713,1.00E+00,,,,,
2714,1.00E+00,,,,,
2715,1.00E+00,,,,,
2716,1.00E+00,,,,,
2717,1.00E+00,,,,,
2718,1.00E+00,,,,,
2719,1.00E+00,,,,,
2720,1.00E+00,,,,,
2721,1.00E+00,,,,,
2722,1.00E+00,,,,,
2723,1.00E+00,,,,,
2724,1.00E+00,,,,,
2725,1.00E+00,,,,,
2726,1.00E+00,,,,,
2727,1.00E+00,,,,,
2728,1.00E+00,,,,,
2729,1.00E+00,,,,,
2730,1.00E+00,,,,,
2731,1.00E+00,,,,,
2732,1.00E+00,,,,,
2733,1.00E+00,,,,,
2734,1.00E+00,,,,,
2735,1.00E+00,,,,,
2736,1.00E+00,,,,,
2737,1.00E+00,,,,,
2738,1.00E+00,,,,,
2739,1.00E+00,,,,,
2740,1.00E+00,,,,,
2741,1.00E+00,,,,,
2742,1.00E+00,,,,,
2743,1.00E+00,,,,,
2744,1.00E+00,,,,,
2745,1.00E+00,,,,,
2746,1.00E+00,,,,,
2747,1.00E+00,,,,,
2748,1.00E+00,,,,,
2749,1.00E+00,,,,,
2750,1.00E+00,,,,,
2751,1.00E+00,,,,,
2752,1.00E+00,,,,,
2753,1.00E+00,,,,,
2754,1.00E+00,,,,,
2755,1.00E+00,,,,,
2756,1.00E+00,,,,,
2757,1.00E+00,,,,,
2758,1.00E+00,,,,,
2759,1.00E+00,,,,,
2760,1.00E+00,,,,,
2761,1.00E+00,,,,,
2762,1.00E+00,,,,,
2763,1.00E+00,,,,,
2764,1.00E+00,,,,,
2765,1.00E+00,,,,,
2766,1.00E+00,,,,,
2767,1.00E+00,,,,,
2768,1.00E+00,,,,,
2769,1.00E+00,,,,,
2770,1.00E+00,,,,,
2771,1.00E+00,,,,,
2772,1.00E+00,,,,,
2773,1.00E+00,,,,,
2774,1.00E+00,,,,,
2775,1.00E+00,,,,,
2776,1.00E+00,,,,,
2777,1.00E+00,,,,,
2778,1.00E+00,,,,,
2779,1.00E+00,,,,,
2780,1.00E+00,,,,,
2781,1.00E+00,,,,,
2782,1.00E+00,,,,,
2783,1.00E+00,,,,,
2784,1.00E+00,,,,,
2785,1.00E+00,,,,,
2786,1.00E+00,,,,,
2787,1.00E+00,,,,,
2788,1.00E+00,,,,,
2789,1.00E+00,,,,,
2790,1.00E+00,,,,,
2791,0.00E+00,,,,,
2792,0.00E+00,,,,,
2793,0.00E+00,,,,,
2794,0.00E+00,,,,,
2795,0.00E+00,,,,,
2796,0.00E+00,,,,,
2797,0.00E+00,,,,,
2798,0.00E+00,,,,,
2799,0.00E+00,,,,,
2800,0.00E+00,,,,,
2801,0.00E+00,,,,,
2802,0.00E+00,,,,,
2803,0.00E+00,,,,,
2804,0.00E+00,,,,,
2805,0.00E+00,,,,,
2806,0.00E+00,,,,,
2807,0.00E+00,,,,,
2808,0.00E+00,,,,,
2809,0.00E+00,,,,,
2810,0.00E+00,,,,,
2811,0.00E+00,,,,,
2812,0.00E+00,,,,,
2813,0.00E+00,,,,,
2814,0.00E+00,,,,,
2815,0.00E+00,,,,,
2816,0.00E+00,,,,,
2817,0.00E+00,,,,,
2818,0.00E+00,,,,,
2819,0.00E+00,,,,,
2820,0.00E+00,,,,,
2821,0.00E+00,,,,,
2822,0.00E+00,,,,,
2823,0.00E+00,,,,,
2824,0.00E+00,,,,,
2825,0.00E+00,,,,,
2826,0.00E+00,,,,,
2827,0.00E+00,,,,,
2828,0.00E+00,,,,,
2829,0.00E+00,,,,,
2830,0.00E+00,,,,,
2831,0.00E+00,,,,,
2832,0.00E+00,,,,,
2833,0.00E+00,,,,,
2834,0.00E+00,,,,,
2835,0.00E+00,,,,,
2836,0.00E+00,,,,,
2837,0.00E+00,,,,,
2838,0.00E+00,,,,,
2839,0.00E+00,,,,,
2840,0.00E+00,,,,,
2841,0.00E+00,,,,,
2842,0.00E+00,,,,,
2843,0.00E+00,,,,,
2844,0.00E+00,,,,,
2845,0.00E+00,,,,,
2846,0.00E+00,,,,,
2847,0.00E+00,,,,,
2848,0.00E+00,,,,,
2849,0.00E+00,,,,,
2850,0.00E+00,,,,,
2851,0.00E+00,,,,,
2852,0.00E+00,,,,,
2853,0.00E+00,,,,,
2854,0.00E+00,,,,,
2855,0.00E+00,,,,,
2856,0.00E+00,,,,,
2857,0.00E+00,,,,,
2858,0.00E+00,,,,,
2859,0.00E+00,,,,,
2860,0.00E+00,,,,,
2861,0.00E+00,,,,,
2862,0.00E+00,,,,,
2863,0.00E+00,,,,,
2864,0.00E+00,,,,,
2865,0.00E+00,,,,,
2866,0.00E+00,,,,,
2867,0.00E+00,,,,,
2868,0.00E+00,,,,,
2869,0.00E+00,,,,,
2870,0.00E+00,,,,,
2871,0.00E+00,,,,,
2872,0.00E+00,,,,,
2873,0.00E+00,,,,,
2874,0.00E+00,,,,,
2875,0.00E+00,,,,,
2876,0.00E+00,,,,,
2877,0.00E+00,,,,,
2878,0.00E+00,,,,,
2879,0.00E+00,,,,,
2880,0.00E+00,,,,,
2881,1.00E+00,,,,,
2882,1.00E+00,,,,,
2883,1.00E+00,,,,,
2884,1.00E+00,,,,,
2885,1.00E+00,,,,,
2886,1.00E+00,,,,,
2887,1.00E+00,,,,,
2888,1.00E+00,,,,,
2889,1.00E+00,,,,,
2890,1.00E+00,,,,,
2891,1.00E+00,,,,,
2892,1.00E+00,,,,,
2893,1.00E+00,,,,,
2894,1.00E+00,,,,,
2895,1.00E+00,,,,,
2896,1.00E+00,,,,,
2897,1.00E+00,,,,,
2898,1.00E+00,,,,,
2899,1.00E+00,,,,,
2900,1.00E+00,,,,,
2901,1.00E+00,,,,,
2902,1.00E+00,,,,,
2903,1.00E+00,,,,,
2904,1.00E+00,,,,,
2905,1.00E+00,,,,,
2906,1.00E+00,,,,,
2907,1.00E+00,,,,,
2908,1.00E+00,,,,,
2909,1.00E+00,,,,,
2910,1.00E+00,,,,,
2911,1.00E+00,,,,,
2912,1.00E+00,,,,,
2913,1.00E+00,,,,,
2914,1.00E+00,,,,,
2915,1.00E+00,,,,,
2916,1.00E+00,,,,,
2917,1.00E+00,,,,,
2918,1.00E+00,,,,,
2919,1.00E+00,,,,,
2920,1.00E+00,,,,,
2921,1.00E+00,,,,,
2922,1.00E+00,,,,,
2923,1.00E+00,,,,,
2924,1.00E+00,,,,,
2925,1.00E+00,,,,,
2926,1.00E+00,,,,,
2927,1.00E+00,,,,,
2928,1.00E+00,,,,,
2929,1.00E+00,,,,,
2930,1.00E+00,,,,,
2931,1.00E+00,,,,,
2932,1.00E+00,,,,,
2933,1.00E+00,,,,,
2934,1.00E+00,,,,,
2935,1.00E+00,,,,,
2936,1.00E+00,,,,,
2937,1.00E+00,,,,,
2938,1.00E+00,,,,,
2939,1.00E+00,,,,,
2940,1.00E+00,,,,,
2941,1.00E+00,,,,,
2942,1.00E+00,,,,,
2943,1.00E+00,,,,,
2944,1.00E+00,,,,,
2945,1.00E+00,,,,,
2946,1.00E+00,,,,,
2947,1.00E+00,,,,,
2948,1.00E+00,,,,,
2949,1.00E+00,,,,,
2950,1.00E+00,,,,,
2951,1.00E+00,,,,,
2952,1.00E+00,,,,,
2953,1.00E+00,,,,,
2954,1.00E+00,,,,,
2955,1.00E+00,,,,,
2956,1.00E+00,,,,,
2957,1.00E+00,,,,,
2958,1.00E+00,,,,,
2959,1.00E+00,,,,,
2960,1.00E+00,,,,,
2961,1.00E+00,,,,,
2962,1.00E+00,,,,,
2963,1.00E+00,,,,,
2964,1.00E+00,,,,,
2965,1.00E+00,,,,,
2966,1.00E+00,,,,,
2967,1.00E+00,,,,,
2968,1.00E+00,,,,,
2969,1.00E+00,,,,,
2970,1.00E+00,,,,,
2971,0.00E+00,,,,,
2972,0.00E+00,,,,,
2973,0.00E+00,,,,,
2974,0.00E+00,,,,,
2975,0.00E+00,,,,,
2976,0.00E+00,,,,,
2977,0.00E+00,,,,,
2978,0.00E+00,,,,,
2979,0.00E+00,,,,,
2980,0.00E+00,,,,,
2981,0.00E+00,,,,,
2982,0.00E+00,,,,,
2983,0.00E+00,,,,,
2984,0.00E+00,,,,,
2985,0.00E+00,,,,,
2986,0.00E+00,,,,,
2987,0.00E+00,,,,,
2988,0.00E+00,,,,,
2989,0.00E+00,,,,,
2990,0.00E+00,,,,,
2991,0.00E+00,,,,,
2992,0.00E+00,,,,,
2993,0.00E+00,,,,,
2994,0.00E+00,,,,,
2995,0.00E+00,,,,,
2996,0.00E+00,,,,,
2997,0.00E+00,,,,,
2998,0.00E+00,,,,,
2999,0.00E+00,,,,,
3000,0.00E+00,,,,,
3001,0.00E+00,,,,,
3002,0.00E+00,,,,,
3003,0.00E+00,,,,,
3004,0.00E+00,,,,,
3005,0.00E+00,,,,,
3006,0.00E+00,,,,,
3007,0.00E+00,,,,,
3008,0.00E+00,,,,,
3009,0.00E+00,,,,,
3010,0.00E+00,,,,,
3011,0.00E+00,,,,,
3012,0.00E+00,,,,,
3013,0.00E+00,,,,,
3014,0.00E+00,,,,,
3015,0.00E+00,,,,,
3016,0.00E+00,,,,,
3017,0.00E+00,,,,,
3018,0.00E+00,,,,,
3019,0.00E+00,,,,,
3020,0.00E+00,,,,,
3021,0.00E+00,,,,,
3022,0.00E+00,,,,,
3023,0.00E+00,,,,,
3024,0.00E+00,,,,,
3025,0.00E+00,,,,,
3026,0.00E+00,,,,,
3027,0.00E+00,,,,,
3028,0.00E+00,,,,,
3029,0.00E+00,,,,,
3030,0.00E+00,,,,,
3031,0.00E+00,,,,,
3032,0.00E+00,,,,,
3033,0.00E+00,,,,,
3034,0.00E+00,,,,,
3035,0.00E+00,,,,,
3036,0.00E+00,,,,,
3037,0.00E+00,,,,,
3038,0.00E+00,,,,,
3039,0.00E+00,,,,,
3040,0.00E+00,,,,,
3041,0.00E+00,,,,,
3042,0.00E+00,,,,,
3043,0.00E+00,,,,,
3044,0.00E+00,,,,,
3045,0.00E+00,,,,,
3046,0.00E+00,,,,,
3047,0.00E+00,,,,,
3048,0.00E+00,,,,,
3049,0.00E+00,,,,,
3050,0.00E+00,,,,,
3051,0.00E+00,,,,,
3052,0.00E+00,,,,,
3053,0.00E+00,,,,,
3054,0.00E+00,,,,,
3055,0.00E+00,,,,,
3056,0.00E+00,,,,,
3057,0.00E+00,,,,,
3058,0.00E+00,,,,,
3059,0.00E+00,,,,,
3060,0.00E+00,,,,,
3061,1.00E+00,,,,,
3062,1.00E+00,,,,,
3063,1.00E+00,,,,,
3064,1.00E+00,,,,,
3065,1.00E+00,,,,,
3066,1.00E+00,,,,,
3067,1.00E+00,,,,,
3068,1.00E+00,,,,,
3069,1.00E+00,,,,,
3070,1.00E+00,,,,,
3071,1.00E+00,,,,,
3072,1.00E+00,,,,,
3073,1.00E+00,,,,,
3074,1.00E+00,,,,,
3075,1.00E+00,,,,,
3076,1.00E+00,,,,,
3077,1.00E+00,,,,,
3078,1.00E+00,,,,,
3079,1.00E+00,,,,,
3080,1.00E+00,,,,,
3081,1.00E+00,,,,,
3082,1.00E+00,,,,,
3083,1.00E+00,,,,,
3084,1.00E+00,,,,,
3085,1.00E+00,,,,,
3086,1.00E+00,,,,,
3087,1.00E+00,,,,,
3088,1.00E+00,,,,,
3089,1.00E+00,,,,,
3090,1.00E+00,,,,,
3091,1.00E+00,,,,,
3092,1.00E+00,,,,,
3093,1.00E+00,,,,,
3094,1.00E+00,,,,,
3095,1.00E+00,,,,,
3096,1.00E+00,,,,,
3097,1.00E+00,,,,,
3098,1.00E+00,,,,,
3099,1.00E+00,,,,,
3100,1.00E+00,,,,,
3101,1.00E+00,,,,,
3102,1.00E+00,,,,,
3103,1.00E+00,,,,,
3104,1.00E+00,,,,,
3105,1.00E+00,,,,,
3106,1.00E+00,,,,,
3107,1.00E+00,,,,,
3108,1.00E+00,,,,,
3109,1.00E+00,,,,,
3110,1.00E+00,,,,,
3111,1.00E+00,,,,,
3112,1.00E+00,,,,,
3113,1.00E+00,,,,,
3114,1.00E+00,,,,,
3115,1.00E+00,,,,,
3116,1.00E+00,,,,,
3117,1.00E+00,,,,,
3118,1.00E+00,,,,,
3119,1.00E+00,,,,,
3120,1.00E+00,,,,,
3121,1.00E+00,,,,,
3122,1.00E+00,,,,,
3123,1.00E+00,,,,,
3124,1.00E+00,,,,,
3125,1.00E+00,,,,,
3126,1.00E+00,,,,,
3127,1.00E+00,,,,,
3128,1.00E+00,,,,,
3129,1.00E+00,,,,,
3130,1.00E+00,,,,,
3131,1.00E+00,,,,,
3132,1.00E+00,,,,,
3133,1.00E+00,,,,,
3134,1.00E+00,,,,,
3135,1.00E+00,,,,,
3136,1.00E+00,,,,,
3137,1.00E+00,,,,,
3138,1.00E+00,,,,,
3139,1.00E+00,,,,,
3140,1.00E+00,,,,,
3141,1.00E+00,,,,,
3142,1.00E+00,,,,,
3143,1.00E+00,,,,,
3144,1.00E+00,,,,,
3145,1.00E+00,,,,,
3146,1.00E+00,,,,,
3147,1.00E+00,,,,,
3148,1.00E+00,,,,,
3149,1.00E+00,,,,,
3150,1.00E+00,,,,,
3151,0.00E+00,,,,,
3152,0.00E+00,,,,,
3153,0.00E+00,,,,,
3154,0.00E+00,,,,,
3155,0.00E+00,,,,,
3156,0.00E+00,,,,,
3157,0.00E+00,,,,,
3158,0.00E+00,,,,,
3159,0.00E+00,,,,,
3160,0.00E+00,,,,,
3161,0.00E+00,,,,,
3162,0.00E+00,,,,,
3163,0.00E+00,,,,,
3164,0.00E+00,,,,,
3165,0.00E+00,,,,,
3166,0.00E+00,,,,,
3167,0.00E+00,,,,,
3168,0.00E+00,,,,,
3169,0.00E+00,,,,,
3170,0.00E+00,,,,,
3171,0.00E+00,,,,,
3172,0.00E+00,,,,,
3173,0.00E+00,,,,,
3174,0.00E+00,,,,,
3175,0.00E+00,,,,,
3176,0.00E+00,,,,,
3177,0.00E+00,,,,,
3178,0.00E+00,,,,,
3179,0.00E+00,,,,,
3180,0.00E+00,,,,,
3181,0.00E+00,,,,,
3182,0.00E+00,,,,,
3183,0.00E+00,,,,,
3184,0.00E+00,,,,,
3185,0.00E+00,,,,,
3186,0.00E+00,,,,,
3187,0.00E+00,,,,,
3188,0.00E+00,,,,,
3189,0.00E+00,,,,,
3190,0.00E+00,,,,,
3191,0.00E+00,,,,,
3192,0.00E+00,,,,,
3193,0.00E+00,,,,,
3194,0.00E+00,,,,,
3195,0.00E+00,,,,,
3196,0.00E+00,,,,,
3197,0.00E+00,,,,,
3198,0.00E+00,,,,,
3199,0.00E+00,,,,,
3200,0.00E+00,,,,,
3201,0.00E+00,,,,,
3202,0.00E+00,,,,,
3203,0.00E+00,,,,,
3204,0.00E+00,,,,,
3205,0.00E+00,,,,,
3206,0.00E+00,,,,,
3207,0.00E+00,,,,,
3208,0.00E+00,,,,,
3209,0.00E+00,,,,,
3210,0.00E+00,,,,,
3211,0.00E+00,,,,,
3212,0.00E+00,,,,,
3213,0.00E+00,,,,,
3214,0.00E+00,,,,,
3215,0.00E+00,,,,,
3216,0.00E+00,,,,,
3217,0.00E+00,,,,,
3218,0.00E+00,,,,,
3219,0.00E+00,,,,,
3220,0.00E+00,,,,,
3221,0.00E+00,,,,,
3222,0.00E+00,,,,,
3223,0.00E+00,,,,,
3224,0.00E+00,,,,,
3225,0.00E+00,,,,,
3226,0.00E+00,,,,,
3227,0.00E+00,,,,,
3228,0.00E+00,,,,,
3229,0.00E+00,,,,,
3230,0.00E+00,,,,,
3231,0.00E+00,,,,,
3232,0.00E+00,,,,,
3233,0.00E+00,,,,,
3234,0.00E+00,,,,,
3235,0.00E+00,,,,,
3236,0.00E+00,,,,,
3237,0.00E+00,,,,,
3238,0.00E+00,,,,,
3239,0.00E+00,,,,,
3240,0.00E+00,,,,,
3241,1.00E+00,,,,,
3242,1.00E+00,,,,,
3243,1.00E+00,,,,,
3244,1.00E+00,,,,,
3245,1.00E+00,,,,,
3246,1.00E+00,,,,,
3247,1.00E+00,,,,,
3248,1.00E+00,,,,,
3249,1.00E+00,,,,,
3250,1.00E+00,,,,,
3251,1.00E+00,,,,,
3252,1.00E+00,,,,,
3253,1.00E+00,,,,,
3254,1.00E+00,,,,,
3255,1.00E+00,,,,,
3256,1.00E+00,,,,,
3257,1.00E+00,,,,,
3258,1.00E+00,,,,,
3259,1.00E+00,,,,,
3260,1.00E+00,,,,,
3261,1.00E+00,,,,,
3262,1.00E+00,,,,,
3263,1.00E+00,,,,,
3264,1.00E+00,,,,,
3265,1.00E+00,,,,,
3266,1.00E+00,,,,,
3267,1.00E+00,,,,,
3268,1.00E+00,,,,,
3269,1.00E+00,,,,,
3270,1.00E+00,,,,,
3271,1.00E+00,,,,,
3272,1.00E+00,,,,,
3273,1.00E+00,,,,,
3274,1.00E+00,,,,,
3275,1.00E+00,,,,,
3276,1.00E+00,,,,,
3277,1.00E+00,,,,,
3278,1.00E+00,,,,,
3279,1.00E+00,,,,,
3280,1.00E+00,,,,,
3281,1.00E+00,,,,,
3282,1.00E+00,,,,,
3283,1.00E+00,,,,,
3284,1.00E+00,,,,,
3285,1.00E+00,,,,,
3286,1.00E+00,,,,,
3287,1.00E+00,,,,,
3288,1.00E+00,,,,,
3289,1.00E+00,,,,,
3290,1.00E+00,,,,,
3291,1.00E+00,,,,,
3292,1.00E+00,,,,,
3293,1.00E+00,,,,,
3294,1.00E+00,,,,,
3295,1.00E+00,,,,,
3296,1.00E+00,,,,,
3297,1.00E+00,,,,,
3298,1.00E+00,,,,,
3299,1.00E+00,,,,,
3300,1.00E+00,,,,,
3301,1.00E+00,,,,,
3302,1.00E+00,,,,,
3303,1.00E+00,,,,,
3304,1.00E+00,,,,,
3305,1.00E+00,,,,,
3306,1.00E+00,,,,,
3307,1.00E+00,,,,,
3308,1.00E+00,,,,,
3309,1.00E+00,,,,,
3310,1.00E+00,,,,,
3311,1.00E+00,,,,,
3312,1.00E+00,,,,,
3313,1.00E+00,,,,,
3314,1.00E+00,,,,,
3315,1.00E+00,,,,,
3316,1.00E+00,,,,,
3317,1.00E+00,,,,,
3318,1.00E+00,,,,,
3319,1.00E+00,,,,,
3320,1.00E+00,,,,,
3321,1.00E+00,,,,,
3322,1.00E+00,,,,,
3323,1.00E+00,,,,,
3324,1.00E+00,,,,,
3325,1.00E+00,,,,,
3326,1.00E+00,,,,,
3327,1.00E+00,,,,,
3328,1.00E+00,,,,,
3329,1.00E+00,,,,,
3330,1.00E+00,,,,,
3331,0.00E+00,,,,,
3332,0.00E+00,,,,,
3333,0.00E+00,,,,,
3334,0.00E+00,,,,,
3335,0.00E+00,,,,,
3336,0.00E+00,,,,,
3337,0.00E+00,,,,,
3338,0.00E+00,,,,,
3339,0.00E+00,,,,,
3340,0.00E+00,,,,,
3341,0.00E+00,,,,,
3342,0.00E+00,,,,,
3343,0.00E+00,,,,,
3344,0.00E+00,,,,,
3345,0.00E+00,,,,,
3346,0.00E+00,,,,,
3347,0.00E+00,,,,,
3348,0.00E+00,,,,,
3349,0.00E+00,,,,,
3350,0.00E+00,,,,,
3351,0.00E+00,,,,,
3352,0.00E+00,,,,,
3353,0.00E+00,,,,,
3354,0.00E+00,,,,,
3355,0.00E+00,,,,,
3356,0.00E+00,,,,,
3357,0.00E+00,,,,,
3358,0.00E+00,,,,,
3359,0.00E+00,,,,,
3360,0.00E+00,,,,,
3361,0.00E+00,,,,,
3362,0.00E+00,,,,,
3363,0.00E+00,,,,,
3364,0.00E+00,,,,,
3365,0.00E+00,,,,,
3366,0.00E+00,,,,,
3367,0.00E+00,,,,,
3368,0.00E+00,,,,,
3369,0.00E+00,,,,,
3370,0.00E+00,,,,,
3371,0.00E+00,,,,,
3372,0.00E+00,,,,,
3373,0.00E+00,,,,,
3374,0.00E+00,,,,,
3375,0.00E+00,,,,,
3376,0.00E+00,,,,,
3377,0.00E+00,,,,,
3378,0.00E+00,,,,,
3379,0.00E+00,,,,,
3380,0.00E+00,,,,,
3381,0.00E+00,,,,,
3382,0.00E+00,,,,,
3383,0.00E+00,,,,,
3384,0.00E+00,,,,,
3385,0.00E+00,,,,,
3386,0.00E+00,,,,,
3387,0.00E+00,,,,,
3388,0.00E+00,,,,,
3389,0.00E+00,,,,,
3390,0.00E+00,,,,,
3391,0.00E+00,,,,,
3392,0.00E+00,,,,,
3393,0.00E+00,,,,,
3394,0.00E+00,,,,,
3395,0.00E+00,,,,,
3396,0.00E+00,,,,,
3397,0.00E+00,,,,,
3398,0.00E+00,,,,,
3399,0.00E+00,,,,,
3400,0.00E+00,,,,,
3401,0.00E+00,,,,,
3402,0.00E+00,,,,,
3403,0.00E+00,,,,,
3404,0.00E+00,,,,,
3405,0.00E+00,,,,,
3406,0.00E+00,,,,,
3407,0.00E+00,,,,,
3408,0.00E+00,,,,,
3409,0.00E+00,,,,,
3410,0.00E+00,,,,,
3411,0.00E+00,,,,,
3412,0.00E+00,,,,,
3413,0.00E+00,,,,,
3414,0.00E+00,,,,,
3415,0.00E+00,,,,,
3416,0.00E+00,,,,,
3417,0.00E+00,,,,,
3418,0.00E+00,,,,,
3419,0.00E+00,,,,,
3420,0.00E+00,,,,,
3421,1.00E+00,,,,,
3422,1.00E+00,,,,,
3423,1.00E+00,,,,,
3424,1.00E+00,,,,,
3425,1.00E+00,,,,,
3426,1.00E+00,,,,,
3427,1.00E+00,,,,,
3428,1.00E+00,,,,,
3429,1.00E+00,,,,,
3430,1.00E+00,,,,,
3431,1.00E+00,,,,,
3432,1.00E+00,,,,,
3433,1.00E+00,,,,,
3434,1.00E+00,,,,,
3435,1.00E+00,,,,,
3436,1.00E+00,,,,,
3437,1.00E+00,,,,,
3438,1.00E+00,,,,,
3439,1.00E+00,,,,,
3440,1.00E+00,,,,,
3441,1.00E+00,,,,,
3442,1.00E+00,,,,,
3443,1.00E+00,,,,,
3444,1.00E+00,,,,,
3445,1.00E+00,,,,,
3446,1.00E+00,,,,,
3447,1.00E+00,,,,,
3448,1.00E+00,,,,,
3449,1.00E+00,,,,,
3450,1.00E+00,,,,,
3451,1.00E+00,,,,,
3452,1.00E+00,,,,,
3453,1.00E+00,,,,,
3454,1.00E+00,,,,,
3455,1.00E+00,,,,,
3456,1.00E+00,,,,,
3457,1.00E+00,,,,,
3458,1.00E+00,,,,,
3459,1.00E+00,,,,,
3460,1.00E+00,,,,,
3461,1.00E+00,,,,,
3462,1.00E+00,,,,,
3463,1.00E+00,,,,,
3464,1.00E+00,,,,,
3465,1.00E+00,,,,,
3466,1.00E+00,,,,,
3467,1.00E+00,,,,,
3468,1.00E+00,,,,,
3469,1.00E+00,,,,,
3470,1.00E+00,,,,,
3471,1.00E+00,,,,,
3472,1.00E+00,,,,,
3473,1.00E+00,,,,,
3474,1.00E+00,,,,,
3475,1.00E+00,,,,,
3476,1.00E+00,,,,,
3477,1.00E+00,,,,,
3478,1.00E+00,,,,,
3479,1.00E+00,,,,,
3480,1.00E+00,,,,,
3481,1.00E+00,,,,,
3482,1.00E+00,,,,,
3483,1.00E+00,,,,,
3484,1.00E+00,,,,,
3485,1.00E+00,,,,,
3486,1.00E+00,,,,,
3487,1.00E+00,,,,,
3488,1.00E+00,,,,,
3489,1.00E+00,,,,,
3490,1.00E+00,,,,,
3491,1.00E+00,,,,,
3492,1.00E+00,,,,,
3493,1.00E+00,,,,,
3494,1.00E+00,,,,,
3495,1.00E+00,,,,,
3496,1.00E+00,,,,,
3497,1.00E+00,,,,,
3498,1.00E+00,,,,,
3499,1.00E+00,,,,,
3500,1.00E+00,,,,,
3501,1.00E+00,,,,,
3502,1.00E+00,,,,,
3503,1.00E+00,,,,,
3504,1.00E+00,,,,,
3505,1.00E+00,,,,,
3506,1.00E+00,,,,,
3507,1.00E+00,,,,,
3508,1.00E+00,,,,,
3509,1.00E+00,,,,,
3510,1.00E+00,,,,,
3511,0.00E+00,,,,,
3512,0.00E+00,,,,,
3513,0.00E+00,,,,,
3514,0.00E+00,,,,,
3515,0.00E+00,,,,,
3516,0.00E+00,,,,,
3517,0.00E+00,,,,,
3518,0.00E+00,,,,,
3519,0.00E+00,,,,,
3520,0.00E+00,,,,,
3521,0.00E+00,,,,,
3522,0.00E+00,,,,,
3523,0.00E+00,,,,,
3524,0.00E+00,,,,,
3525,0.00E+00,,,,,
3526,0.00E+00,,,,,
3527,0.00E+00,,,,,
3528,0.00E+00,,,,,
3529,0.00E+00,,,,,
3530,0.00E+00,,,,,
3531,0.00E+00,,,,,
3532,0.00E+00,,,,,
3533,0.00E+00,,,,,
3534,0.00E+00,,,,,
3535,0.00E+00,,,,,
3536,0.00E+00,,,,,
3537,0.00E+00,,,,,
3538,0.00E+00,,,,,
3539,0.00E+00,,,,,
3540,0.00E+00,,,,,
3541,0.00E+00,,,,,
3542,0.00E+00,,,,,
3543,0.00E+00,,,,,
3544,0.00E+00,,,,,
3545,0.00E+00,,,,,
3546,0.00E+00,,,,,
3547,0.00E+00,,,,,
3548,0.00E+00,,,,,
3549,0.00E+00,,,,,
3550,0.00E+00,,,,,
3551,0.00E+00,,,,,
3552,0.00E+00,,,,,
3553,0.00E+00,,,,,
3554,0.00E+00,,,,,
3555,0.00E+00,,,,,
3556,0.00E+00,,,,,
3557,0.00E+00,,,,,
3558,0.00E+00,,,,,
3559,0.00E+00,,,,,
3560,0.00E+00,,,,,
3561,0.00E+00,,,,,
3562,0.00E+00,,,,,
3563,0.00E+00,,,,,
3564,0.00E+00,,,,,
3565,0.00E+00,,,,,
3566,0.00E+00,,,,,
3567,0.00E+00,,,,,
3568,0.00E+00,,,,,
3569,0.00E+00,,,,,
3570,0.00E+00,,,,,
3571,0.00E+00,,,,,
3572,0.00E+00,,,,,
3573,0.00E+00,,,,,
3574,0.00E+00,,,,,
3575,0.00E+00,,,,,
3576,0.00E+00,,,,,
3577,0.00E+00,,,,,
3578,0.00E+00,,,,,
3579,0.00E+00,,,,,
3580,0.00E+00,,,,,
3581,0.00E+00,,,,,
3582,0.00E+00,,,,,
3583,0.00E+00,,,,,
3584,0.00E+00,,,,,
3585,0.00E+00,,,,,
3586,0.00E+00,,,,,
3587,0.00E+00,,,,,
3588,0.00E+00,,,,,
3589,0.00E+00,,,,,
3590,0.00E+00,,,,,
3591,0.00E+00,,,,,
3592,0.00E+00,,,,,
3593,0.00E+00,,,,,
3594,0.00E+00,,,,,
3595,0.00E+00,,,,,
3596,0.00E+00,,,,,
3597,0.00E+00,,,,,
3598,0.00E+00,,,,,
3599,0.00E+00,,,,,
3600,0.00E+00,,,,,
1,,,,,,
0,,,,,,
0,,,,,,
3599,,,,,,
0,,,,,,
3600,,,,,,
0,,,,,,
0,,,,,,
0,,,,,,
0,,,,,,
0,,,,,,
0,,,,,,
0,,,,,,
0,,,,,,
0,,,,,,
0,,,,,,
,,,,,,
,,,,,,
,,,,,,
,,,,,,
,,,,,,
,,,,,,
,,,,,,
,,,,,,
,,,,,,
,,,,,,
,,,,,,
,,,,,,
,,,,,,
,,,,,,
,,,,,,
,,,,,,
,,,,,,
,,,,,,
,,,,,,
,,,,,,
,,,,,,
,,,,,,
,,,,,,
,,,,,,
,,,,,,
,,,,,,
,,,,,,
,,,,,,
,,,,,,
,,,,,,
,,,,,,
,,,,,,
,,,,,,
,,,,,,
,,,,,,
,,,,,,
,,,,,,
,,,,,,
,,,,,,
,,,,,,
,,,,,,
,,,,,,
,,,,,,
,,,,,,
,,,,,,
,,,,,,
,,,,,,
,,,,,,
,,,,,,
,,,,,,
,,,,,,
,,,,,,
,,,,,,
,,,,,,
,,,,,,
,,,,,,
,,,,,,
,,,,,,
,,,,,,
,,,,,,
,,,,,,
,,,,,,
,,,,,,
,,,,,,
,,,,,,
,,,,,,
,,,,,,
,,,,,,
,,,,,,
,,,,,,
,,,,,,
,,,,,,
,,,,,,
,,,,,,
,,,,,,
,,,,,,
,,,,,,
,,,,,,
,,,,,,
,,,,,,
,,,,,,
,,,,,,
,,,,,,
,,,,,,
,,,,,,
,,,,,,
,,,,,,
,,,,,,
,,,,,,
,,,,,,
,,,,,,
,,,,,,
,,,,,,
,,,,,,
,,,,,,
,,,,,,
,,,,,,
,,,,,,
,,,,,,
,,,,,,
,,,,,,
,,,,,,
,,,,,,
,,,,,,
,,,,,,
,,,,,,
,,,,,,
,,,,,,
,,,,,,
,,,,,,
,,,,,,
,,,,,,
,,,,,,
,,,,,,
,,,,,,
,,,,,,
,,,,,,
,,,,,,
,,,,,,
,,,,,,
,,,,,,
,,,,,,
,,,,,,
,,,,,,
,,,,,,
,,,,,,
,,,,,,
,,,,,,
,,,,,,
,,,,,,
,,,,,,
,,,,,,
,,,,,,
,,,,,,
,,,,,,
,,,,,,
,,,,,,
,,,,,,
,,,,,,
,,,,,,
,,,,,,
,,,,,,
,,,,,,
,,,,,,
,,,,,,
,,,,,,
,,,,,,
,,,,,,
,,,,,,
,,,,,,
,,,,,,
,,,,,,
,,,,,,
,,,,,,
,,,,,,
,,,,,,
,,,,,,
,,,,,,
,,,,,,
,,,,,,
,,,,,,
,,,,,,
,,,,,,
,,,,,,
,,,,,,
,,,,,,
,,,,,,
,,,,,,
,,,,,,
,,,,,,
,,,,,,
,,,,,,
,,,,,,
,,,,,,
,,,,,,
,,,,,,
,,,,,,
,,,,,,
,,,,,,
,,,,,,
,,,,,,
,,,,,,
,,,,,,
,,,,,,
,,,,,,
,,,,,,
,,,,,,
,,,,,,
,,,,,,
,,,,,,
,,,,,,
,,,,,,
,,,,,,
,,,,,,
,,,,,,
,,,,,,
,,,,,,
,,,,,,
,,,,,,
,,,,,,
,,,,,,
,,,,,,
,,,,,,
,,,,,,
,,,,,,
,,,,,,
,,,,,,
,,,,,,
,,,,,,
,,,,,,
,,,,,,
,,,,,,
,,,,,,
,,,,,,
,,,,,,
,,,,,,
,,,,,,
,,,,,,
,,,,,,
,,,,,,
,,,,,,
,,,,,,
,,,,,,
,,,,,,
,,,,,,
,,,,,,
,,,,,,
,,,,,,
,,,,,,
,,,,,,
,,,,,,
,,,,,,
,,,,,,
,,,,,,
,,,,,,
,,,,,,
,,,,,,
,,,,,,
,,,,,,
,,,,,,
,,,,,,
,,,,,,
,,,,,,
,,,,,,
,,,,,,
,,,,,,
,,,,,,
,,,,,,
,,,,,,
,,,,,,
,,,,,,
,,,,,,
,,,,,,
,,,,,,
,,,,,,
,,,,,,
,,,,,,
,,,,,,
,,,,,,
,,,,,,
,,,,,,
,,,,,,
,,,,,,
,,,,,,
,,,,,,
,,,,,,
,,,,,,
,,,,,,
,,,,,,
,,,,,,
,,,,,,
,,,,,,
,,,,,,
,,,,,,
,,,,,,
,,,,,,
,,,,,,
,,,,,,
,,,,,,
,,,,,,
,,,,,,
,,,,,,
,,,,,,
,,,,,,
,,,,,,
,,,,,,
,,,,,,
,,,,,,
,,,,,,
,,,,,,
,,,,,,
,,,,,,
,,,,,,
,,,,,,
,,,,,,
,,,,,,
,,,,,,
,,,,,,
,,,,,,
,,,,,,
,,,,,,
,,,,,,
,,,,,,
,,,,,,
,,,,,,
,,,,,,
,,,,,,
,,,,,,
,,,,,,
,,,,,,
,,,,,,
,,,,,,
,,,,,,
,,,,,,
,,,,,,
,,,,,,
,,,,,,
,,,,,,
,,,,,,
,,,,,,
,,,,,,
,,,,,,
,,,,,,
,,,,,,
,,,,,,
,,,,,,
,,,,,,
,,,,,,
,,,,,,
,,,,,,
,,,,,,
,,,,,,
,,,,,,
,,,,,,
,,,,,,
,,,,,,
,,,,,,
,,,,,,
,,,,,,
,,,,,,
,,,,,,
,,,,,,
,,,,,,
,,,,,,
,,,,,,
,,,,,,
,,,,,,
,,,,,,
,,,,,,
,,,,,,
,,,,,,
,,,,,,
,,,,,,
,,,,,,
,,,,,,
,,,,,,
,,,,,,
,,,,,,
,,,,,,
,,,,,,
,,,,,,
,,,,,,
,,,,,,
,,,,,,
,,,,,,
,,,,,,
,,,,,,
,,,,,,
,,,,,,
,,,,,,
,,,,,,
,,,,,,
,,,,,,
,,,,,,
,,,,,,
,,,,,,
,,,,,,
,,,,,,
,,,,,,
,,,,,,
,,,,,,
,,,,,,
,,,,,,
,,,,,,
,,,,,,
,,,,,,
,,,,,,
,,,,,,
,,,,,,
,,,,,,
,,,,,,
,,,,,,
,,,,,,
,,,,,,
,,,,,,
,,,,,,
,,,,,,
,,,,,,
,,,,,,
,,,,,,
,,,,,,
,,,,,,
,,,,,,
,,,,,,
,,,,,,
,,,,,,
,,,,,,
,,,,,,
,,,,,,
,,,,,,
,,,,,,
,,,,,,
,,,,,,
,,,,,,
,,,,,,
,,,,,,
,,,,,,
,,,,,,
,,,,,,
,,,,,,
,,,,,,
,,,,,,
,,,,,,
,,,,,,
,,,,,,
,,,,,,
,,,,,,
,,,,,,
,,,,,,
,,,,,,
,,,,,,
,,,,,,
,,,,,,
,,,,,,
,,,,,,
,,,,,,
,,,,,,
,,,,,,
,,,,,,
,,,,,,
,,,,,,
,,,,,,
,,,,,,
,,,,,,
,,,,,,
,,,,,,
,,,,,,
,,,,,,
,,,,,,
,,,,,,
,,,,,,
,,,,,,
,,,,,,
,,,,,,
,,,,,,
,,,,,,
,,,,,,
,,,,,,
,,,,,,
,,,,,,
,,,,,,
,,,,,,
,,,,,,
,,,,,,
,,,,,,
,,,,,,
,,,,,,
,,,,,,
,,,,,,
,,,,,,
,,,,,,
,,,,,,
,,,,,,
,,,,,,
,,,,,,
,,,,,,
,,,,,,
,,,,,,
,,,,,,
,,,,,,
,,,,,,
,,,,,,
,,,,,,
,,,,,,
,,,,,,
,,,,,,
,,,,,,
,,,,,,
,,,,,,
,,,,,,
,,,,,,
,,,,,,
,,,,,,
,,,,,,
,,,,,,
,,,,,,
,,,,,,
,,,,,,
,,,,,,
,,,,,,
,,,,,,
,,,,,,
,,,,,,
,,,,,,
,,,,,,
,,,,,,
,,,,,,
,,,,,,
,,,,,,
,,,,,,
,,,,,,
,,,,,,
,,,,,,
,,,,,,
,,,,,,
,,,,,,
,,,,,,
,,,,,,
,,,,,,
,,,,,,
,,,,,,
,,,,,,
,,,,,,
,,,,,,
,,,,,,
,,,,,,
,,,,,,
,,,,,,
,,,,,,
,,,,,,
,,,,,,
,,,,,,
,,,,,,
,,,,,,
,,,,,,
,,,,,,
,,,,,,
,,,,,,
,,,,,,
,,,,,,
,,,,,,
,,,,,,
,,,,,,
,,,,,,
,,,,,,
,,,,,,
,,,,,,
,,,,,,
,,,,,,
,,,,,,
,,,,,,
,,,,,,
,,,,,,
,,,,,,
,,,,,,
,,,,,,
,,,,,,
,,,,,,
,,,,,,
,,,,,,
,,,,,,
,,,,,,
,,,,,,
,,,,,,
,,,,,,
,,,,,,
,,,,,,
,,,,,,
,,,,,,
,,,,,,
,,,,,,
,,,,,,
,,,,,,
,,,,,,
,,,,,,
,,,,,,
,,,,,,
,,,,,,
,,,,,,
,,,,,,
,,,,,,
,,,,,,
,,,,,,
,,,,,,
,,,,,,
,,,,,,
,,,,,,
,,,,,,
,,,,,,
,,,,,,
,,,,,,
,,,,,,
,,,,,,
,,,,,,
,,,,,,
,,,,,,
,,,,,,
,,,,,,
,,,,,,
,,,,,,
,,,,,,
,,,,,,
,,,,,,
,,,,,,
,,,,,,
,,,,,,
,,,,,,
,,,,,,
,,,,,,
,,,,,,
,,,,,,
,,,,,,
,,,,,,
,,,,,,
,,,,,,
,,,,,,
,,,,,,
,,,,,,
,,,,,,
,,,,,,
,,,,,,
,,,,,,
,,,,,,
,,,,,,
,,,,,,
,,,,,,
,,,,,,
,,,,,,
,,,,,,
,,,,,,
,,,,,,
,,,,,,
,,,,,,
,,,,,,
,,,,,,
,,,,,,
,,,,,,
,,,,,,
,,,,,,
,,,,,,
,,,,,,
,,,,,,
,,,,,,
,,,,,,
,,,,,,
,,,,,,
,,,,,,
,,,,,,
,,,,,,
,,,,,,
,,,,,,
,,,,,,
,,,,,,
,,,,,,
,,,,,,
,,,,,,
,,,,,,
,,,,,,
,,,,,,
,,,,,,
,,,,,,
,,,,,,
,,,,,,
,,,,,,
,,,,,,
,,,,,,
,,,,,,
,,,,,,
,,,,,,
,,,,,,
,,,,,,
,,,,,,
,,,,,,
,,,,,,
,,,,,,
,,,,,,
,,,,,,
,,,,,,
,,,,,,
,,,,,,
,,,,,,
,,,,,,
,,,,,,
,,,,,,
,,,,,,
,,,,,,
,,,,,,
,,,,,,
,,,,,,
,,,,,,
,,,,,,
,,,,,,
,,,,,,
,,,,,,
,,,,,,
,,,,,,
,,,,,,
,,,,,,
,,,,,,
,,,,,,
,,,,,,
,,,,,,
,,,,,,
,,,,,,
